issue_date,pred_date,Observed,HydroPIML-RS,selected_candidate,Ridge,ElasticNet,Huber,PLSRegression,SVR-RBF,RandomForest,ExtraTrees,GradientBoosting,HistGradientBoosting,XGBoost,LightGBM,CatBoost,Calibrated Ridge,Calibrated ElasticNet,Calibrated Huber,Calibrated PLSRegression,Calibrated SVR-RBF,Calibrated RandomForest,Calibrated ExtraTrees,Calibrated GradientBoosting,Calibrated HistGradientBoosting,Calibrated XGBoost,Calibrated LightGBM,Calibrated CatBoost
2025-07-19,2025-07-22,0.297453503893305,0.3108552251319194,RandomForest_StateResidual_InertiaShrink,0.28670215350818623,0.309631666802419,0.2690944240649338,0.2763758120902965,0.3212808687335202,0.2984136732769444,0.3045705147003084,0.29811978366638375,0.28432127334484497,0.2879522740840912,0.2736136144502581,0.3108164329089249,0.2943111776501229,0.309631666802419,0.27886933726173824,0.2958121047284367,0.30544176967507264,0.29061705494261264,0.2980954675886372,0.2921851664120326,0.28860534254804715,0.2879522740840912,0.2736136144502581,0.30424434851517074
2025-07-20,2025-07-23,0.288077226771654,0.30025122769515156,RandomForest_StateResidual_InertiaShrink,0.28082295355664944,0.3014535559730199,0.2787528852773993,0.2654924828202737,0.3105333327055481,0.2954635461785295,0.29943847968220444,0.29469898485373397,0.29350929549422283,0.2875550091266632,0.27725921149718064,0.310105763760848,0.2943111776501229,0.3014535559730199,0.27886933726173824,0.28468823355822903,0.29469423364710057,0.29061705494261264,0.29296343257053326,0.2913417411318166,0.28860534254804715,0.2875550091266632,0.27725921149718064,0.30424434851517074
2025-07-21,2025-07-24,0.280549741694982,0.2944840634097631,RandomForest_StateResidual_InertiaShrink,0.24345499584164054,0.2703681577939908,0.2816293817683994,0.2595058987134984,0.29607626178324287,0.29275869745545824,0.29448623195109397,0.29126719053140704,0.2942075710862237,0.28122279047966003,0.27794117700016674,0.2950930974625895,0.2520184246777232,0.2703681577939908,0.27886933726173824,0.27999135628675514,0.2802371627247953,0.28723638755852476,0.2880111848394228,0.2913417411318166,0.28860534254804715,0.28122279047966003,0.27794117700016674,0.2895816224950154
2025-07-22,2025-07-25,0.278589263818582,0.2902994196801929,RandomForest_StateResidual_InertiaShrink,0.3079581542584909,0.3155763460484706,0.3163314507307045,0.25948849672948127,0.29632105937653613,0.2924250254703375,0.29342062468504065,0.294868475296133,0.30082366640530545,0.2842535972595215,0.28456949048561725,0.28765933389463816,0.29610672183601294,0.3155763460484706,0.28768124151637614,0.27999135628675514,0.2804819603180886,0.2853476254424972,0.28694557757336947,0.2913417411318166,0.28860534254804715,0.2842535972595215,0.28456949048561725,0.28361693527299076
2025-07-23,2025-07-26,0.288261348391324,0.2910894384676289,RandomForest_StateResidual_InertiaShrink,0.3220663309468961,0.3239480106381195,0.3076846623726767,0.2936527206776083,0.31571681200071344,0.2995216322995866,0.2950174784372695,0.3042339771269345,0.3145518875493428,0.2939334809780121,0.2894844009041406,0.2986519933793013,0.29610672183601294,0.3239480106381195,0.28768124151637614,0.30266160395143366,0.2998777129422659,0.29061705494261264,0.2885424313255983,0.2987199041954946,0.3090657259315235,0.2939334809780121,0.2894844009041406,0.30424434851517074
2025-07-24,2025-07-27,0.32399032041129,0.2851480392877018,RandomForest_StateResidual_InertiaShrink,0.3147401594327813,0.3005312528429554,0.29667714430384706,0.29660865469520614,0.3112272560203018,0.29536619060902297,0.2953037315491463,0.2943155606736863,0.2902459519903212,0.284031480550766,0.29032557508168544,0.2916531943980928,0.29610672183601294,0.3005312528429554,0.2872761323550492,0.30266160395143366,0.2953881569618543,0.29061705494261264,0.2888286844374751,0.2913417411318166,0.28860534254804715,0.284031480550766,0.29032557508168544,0.2895816224950154
2025-07-25,2025-07-28,0.335859719200107,0.2906748168176562,RandomForest_StateResidual_InertiaShrink,0.3559642386133465,0.32286862932731797,0.36198531310812265,0.32417975274274347,0.31003060060895155,0.30546313114217677,0.3022798134885447,0.3095421802064954,0.30236597374581287,0.29279980063438416,0.29731061739198494,0.3117073116140434,0.29610672183601294,0.32286862932731797,0.28768124151637614,0.30266160395143366,0.294191501550504,0.30654586066042006,0.29580476637687353,0.3041122897275797,0.30411020908258435,0.29279980063438416,0.29731061739198494,0.30424434851517074
2025-07-26,2025-07-29,0.335859719200107,0.3008191857570971,RandomForest_StateResidual_InertiaShrink,0.3452770746502094,0.2955788406780756,0.3667956417477188,0.2920519301875849,0.3201561309883239,0.301238970293546,0.294540260258353,0.30070965327917426,0.30023302541087815,0.29520800709724426,0.29658727648495986,0.29935019919419537,0.29610672183601294,0.2955788406780756,0.28768124151637614,0.30266160395143366,0.30431703192987636,0.30654586066042006,0.2880652131466818,0.2987199041954946,0.28860534254804715,0.29520800709724426,0.29658727648495986,0.30424434851517074
2025-07-27,2025-07-30,0.345386266726085,0.3265935527883734,RandomForest_StateResidual_InertiaShrink,0.3158660688013193,0.28658747549626223,0.28565798246168006,0.28796072747182244,0.3313393815774335,0.31018671962004435,0.30418236182715463,0.312556565875704,0.30629334164203986,0.29690882563591003,0.28891197632491816,0.29835736622096093,0.29610672183601294,0.28658747549626223,0.2872761323550492,0.30266160395143366,0.31550028251898593,0.31351397007652904,0.29770731471548345,0.31807444288354786,0.30730196932089454,0.29690882563591003,0.28891197632491816,0.30424434851517074
2025-07-28,2025-07-31,0.357605332481463,0.3341320486550436,RandomForest_StateResidual_InertiaShrink,0.31487220631142865,0.29512109261663216,0.26710691108590234,0.2912799173952519,0.3316200840728773,0.314008109376816,0.3065673435346621,0.3238678532577428,0.31176783731610946,0.3099660277366638,0.3101883683759892,0.3032762300232383,0.29610672183601294,0.29512109261663216,0.27886933726173824,0.30266160395143366,0.31578098501442975,0.314672046183974,0.3000922964229909,0.31807444288354786,0.3090657259315235,0.3099660277366638,0.3101883683759892,0.30424434851517074
2025-07-29,2025-08-01,0.357605332481463,0.3135196732554053,RandomForest_StateResidual_InertiaShrink,0.3052379701138672,0.2860054809087425,0.24696668391274876,0.27463489269220565,0.32052350145587216,0.3011198526949922,0.3014993259826282,0.30165382475500224,0.29531549848648936,0.29457196593284607,0.28998313274997656,0.2965300965277639,0.29610672183601294,0.2860054809087425,0.27886933726173824,0.2958121047284367,0.3046844023974246,0.30654586066042006,0.295024278870957,0.2987199041954946,0.28860534254804715,0.29457196593284607,0.28998313274997656,0.30424434851517074
2025-07-30,2025-08-02,0.357605332481463,0.3439945460352004,RandomForest_StateResidual_InertiaShrink,0.3062278302097836,0.31490134261458047,0.2463340617426459,0.3213902718008323,0.3496655415668948,0.325049343635063,0.3201271616599838,0.3376633841486074,0.32659315137325456,0.31943896412849426,0.3043638727945667,0.3375116721059538,0.29610672183601294,0.31490134261458047,0.27886933726173824,0.30266160395143366,0.33382644250844723,0.32950797616750455,0.3136521145483126,0.33664525091156833,0.31386357766231665,0.31943896412849426,0.3043638727945667,0.339744650536808
2025-07-31,2025-08-03,0.330446451661089,0.3531655973494259,RandomForest_StateResidual_InertiaShrink,0.32504818275843883,0.3067130770755373,0.2633430414903474,0.3211054986001926,0.35004930959718916,0.3501388347059891,0.34009272274233265,0.3424107990338848,0.3612928505359372,0.33168143033981323,0.32337039214878716,0.3347254515662063,0.29610672183601294,0.3067130770755373,0.27886933726173824,0.30266160395143366,0.3342102105387416,0.330446451661089,0.33361767563066147,0.33664525091156833,0.330446451661089,0.33168143033981323,0.32337039214878716,0.330446451661089
2025-08-01,2025-08-04,0.321883968592153,0.32807295897249256,RandomForest_StateResidual_InertiaShrink,0.3331604085413349,0.32440459205549743,0.30668675554115776,0.3477549159061518,0.335022020554264,0.34167542416919233,0.3296257934996104,0.34048573118421704,0.3602558845158241,0.33163222670555115,0.3195815713117356,0.325416496997506,0.29610672183601294,0.32440459205549743,0.28768124151637614,0.30266160395143366,0.31918292149581645,0.32950797616750455,0.3231507463879392,0.33664525091156833,0.321883968592153,0.33163222670555115,0.3195815713117356,0.314085852154665
2025-08-02,2025-08-05,0.321883968592153,0.3191075364333314,RandomForest_StateResidual_InertiaShrink,0.32098219850248677,0.30900333084170645,0.32548627227342175,0.29709040677868453,0.32742429321971067,0.32764052880693045,0.3241534020408887,0.33737346727324863,0.34887900536916305,0.3263857662677765,0.30653836675729146,0.340516474383691,0.29610672183601294,0.30900333084170645,0.28768124151637614,0.30266160395143366,0.3115851941612631,0.32950797616750455,0.31767835492921753,0.321883968592153,0.319271301798201,0.3263857662677765,0.30653836675729146,0.339744650536808
2025-08-03,2025-08-06,0.316658635004249,0.3229895651464007,RandomForest_StateResidual_InertiaShrink,0.3064143941801523,0.2846857863021593,0.29052653065977274,0.27301249779800607,0.32380711443791016,0.32742842909326847,0.32555157312470917,0.3329833850976663,0.3524995114487328,0.3240734338760376,0.29505124198387395,0.32617009188168505,0.29610672183601294,0.2846857863021593,0.2872761323550492,0.2958121047284367,0.3079680153794626,0.32950797616750455,0.319076526013038,0.31807444288354786,0.319271301798201,0.3240734338760376,0.29505124198387395,0.314085852154665
2025-08-04,2025-08-07,0.312989782438255,0.31676979346490347,RandomForest_StateResidual_InertiaShrink,0.30893765209913854,0.2970246798422708,0.3037269801197582,0.26854657318146946,0.3264620762849218,0.3158245966538795,0.31998878783239915,0.3229822839113726,0.3409551488205829,0.30702927708625793,0.2897891000859535,0.32628405458857046,0.29610672183601294,0.2970246798422708,0.28768124151637614,0.2958121047284367,0.31062297722647425,0.314672046183974,0.31351374072072796,0.31807444288354786,0.31386357766231665,0.30702927708625793,0.2897891000859535,0.314085852154665
2025-08-05,2025-08-08,0.304811022584003,0.31421516098980773,RandomForest_StateResidual_InertiaShrink,0.3514595948525173,0.31638138305205565,0.38408076434138616,0.3110329537125947,0.3320784055804328,0.31126428684086394,0.3172852700734588,0.3170849551542083,0.30522977939053825,0.3065112829208374,0.2861405940873056,0.3261816811986254,0.29610672183601294,0.31638138305205565,0.28768124151637614,0.30266160395143366,0.31623930652198523,0.31351397007652904,0.3108102229617876,0.31807444288354786,0.30411020908258435,0.3065112829208374,0.2861405940873056,0.314085852154665
2025-08-06,2025-08-09,0.294519360257851,0.31097112236404056,RandomForest_StateResidual_InertiaShrink,0.4788383682404392,0.3438027171001074,0.5465508292334518,0.31756654191354033,0.32779814665320023,0.29671940059451596,0.30527543590409617,0.29374509409063254,0.2655734881492136,0.28236648440361023,0.27751385046723914,0.29963658625498363,0.29610672183601294,0.3438027171001074,0.28768124151637614,0.30266160395143366,0.3119590475947527,0.29061705494261264,0.298800388792425,0.2913417411318166,0.27381845786127357,0.28236648440361023,0.27751385046723914,0.30424434851517074
2025-08-07,2025-08-10,0.286132529063133,0.3075343360565378,RandomForest_StateResidual_InertiaShrink,0.4894730086459135,0.3977657285305479,0.5544576827891501,0.3565522814285975,0.3449825877401245,0.29626160203030283,0.30219382536105577,0.3095919319927291,0.29002534963447263,0.3013570010662079,0.27990688828087057,0.30819934970380036,0.29610672183601294,0.3977657285305479,0.28768124151637614,0.30266160395143366,0.329143488681677,0.29061705494261264,0.2957187782493846,0.3041122897275797,0.28860534254804715,0.3013570010662079,0.27990688828087057,0.30424434851517074
2025-08-08,2025-08-11,0.278027044465864,0.30216897820356053,RandomForest_StateResidual_InertiaShrink,0.5426626545046821,0.4205643163041656,0.6318295373548312,0.3705465683951077,0.3569507996746844,0.29852820634461047,0.29854705641951623,0.3059250013040584,0.27858425226928984,0.30325692892074585,0.2775796282350442,0.29554856829524023,0.29610672183601294,0.4205643163041656,0.28768124151637614,0.30266160395143366,0.34111170061623686,0.29061705494261264,0.29207200930784505,0.2987199041954946,0.277038619768989,0.30325692892074585,0.2775796282350442,0.2895816224950154
2025-08-09,2025-08-12,0.276050195072114,0.291418331546374,RandomForest_StateResidual_InertiaShrink,0.5102045465161794,0.3872459437697122,0.5756562986457777,0.35415759819821524,0.31770689338976194,0.3029540845919681,0.2985013527179527,0.29957490768719053,0.28121738740225616,0.29264798760414124,0.27763070375044047,0.292717799063573,0.29610672183601294,0.3872459437697122,0.28768124151637614,0.30266160395143366,0.3018677943313144,0.30654586066042006,0.2920263056062815,0.2921851664120326,0.277038619768989,0.29264798760414124,0.27763070375044047,0.2895816224950154
2025-08-10,2025-08-13,0.276050195072114,0.28495641882990075,RandomForest_StateResidual_InertiaShrink,0.4817917256326596,0.3730716017983062,0.5318906894507871,0.33718883146564416,0.30975704727599923,0.2985617454973801,0.297512200670412,0.309073761387648,0.28578080310195236,0.30192887783050537,0.2851508692347106,0.2872089800868718,0.29610672183601294,0.3730716017983062,0.28768124151637614,0.30266160395143366,0.2939179482175517,0.29061705494261264,0.2910371535587408,0.2987199041954946,0.28860534254804715,0.30192887783050537,0.2851508692347106,0.28361693527299076
2025-08-11,2025-08-14,0.276050195072114,0.27858281485503544,RandomForest_StateResidual_InertiaShrink,0.5399713082616179,0.3754889455685943,0.5766554405239845,0.3383372637934475,0.31788641523167,0.2932745461380268,0.2924303801926779,0.2981886766756733,0.28387351861946347,0.2932980954647064,0.2859769868912451,0.28265697085877145,0.29610672183601294,0.3754889455685943,0.28768124151637614,0.30266160395143366,0.30204731617322245,0.28723638755852476,0.28595533308100674,0.2921851664120326,0.28860534254804715,0.2932980954647064,0.2859769868912451,0.28361693527299076
2025-08-12,2025-08-15,0.270995618067232,0.2936421127598704,RandomForest_StateResidual_InertiaShrink,0.5693479356182589,0.4163117143435769,0.5900503831860817,0.3835621019278779,0.33290634648377926,0.3181808509426544,0.30893971101078455,0.3265492309819991,0.3347486463170138,0.31600454449653625,0.2981923617481931,0.3172387129722931,0.29610672183601294,0.4163117143435769,0.28768124151637614,0.30266160395143366,0.3170672474253317,0.314672046183974,0.30246466389911336,0.31807444288354786,0.31386357766231665,0.31600454449653625,0.2981923617481931,0.30424434851517074
2025-08-13,2025-08-16,0.264521851292383,0.2828641036283443,RandomForest_StateResidual_InertiaShrink,0.4922017874776917,0.3661804662111993,0.5346209529673617,0.32752576080832096,0.31146350944705015,0.2987505003575227,0.2962229230927959,0.2940764695442708,0.27858321970672345,0.28916141390800476,0.2795416955093833,0.2900142078367586,0.29610672183601294,0.3661804662111993,0.28768124151637614,0.30266160395143366,0.2956244103886026,0.29061705494261264,0.2897478759811247,0.2913417411318166,0.27381845786127357,0.28916141390800476,0.2795416955093833,0.28361693527299076
2025-08-14,2025-08-17,0.259512072408725,0.2733694267591658,RandomForest_StateResidual_InertiaShrink,0.4427026748112085,0.3499213451682168,0.45204945580364714,0.30707074387082106,0.2870772189500756,0.2853023853932225,0.285996487124462,0.28255133272431937,0.26874214353326603,0.28326714038848877,0.2661333882229452,0.2726262025441673,0.29610672183601294,0.3499213451682168,0.28768124151637614,0.30266160395143366,0.27123811989162805,0.268932507699094,0.27952144001279083,0.28303324358586496,0.27381845786127357,0.28326714038848877,0.2661333882229452,0.264265111426911
2025-08-15,2025-08-18,0.253570871439687,0.26759078317487944,RandomForest_StateResidual_InertiaShrink,0.4617683387282514,0.35006807730921824,0.49141932917396036,0.3043025065445174,0.2829051391579073,0.27927078309106274,0.2787398462896674,0.2871799740184967,0.2733481822089184,0.2858215570449829,0.27679799570111285,0.2670851151584548,0.29610672183601294,0.35006807730921824,0.28768124151637614,0.30266160395143366,0.2670660400994598,0.268932507699094,0.27226479917799623,0.285487083228945,0.27381845786127357,0.2858215570449829,0.27679799570111285,0.264265111426911
2025-08-16,2025-08-19,0.248311915927084,0.2594192656312835,RandomForest_StateResidual_InertiaShrink,0.40667915312458935,0.3175267844417378,0.406587246661559,0.2579288595767665,0.2668080449649596,0.27004732332035347,0.27054619634929844,0.265735867664719,0.2537083455600108,0.257373571395874,0.2605099980069454,0.2551382863691135,0.29610672183601294,0.3175267844417378,0.28768124151637614,0.27999135628675514,0.25096894590651203,0.268932507699094,0.26407114923762726,0.2528871284095169,0.27381845786127357,0.257373571395874,0.2605099980069454,0.248311915927084
2025-08-17,2025-08-20,0.247145793225512,0.25557492278000493,RandomForest_StateResidual_InertiaShrink,0.4411262691154424,0.34006200636118844,0.425305382410437,0.2872603048626854,0.2650239637007939,0.2614379291871496,0.2642235136434827,0.26058377995012316,0.2593464678577996,0.2546520233154297,0.25775334367625924,0.2474462793534888,0.29610672183601294,0.34006200636118844,0.28768124151637614,0.2958121047284367,0.24918486464234632,0.268932507699094,0.2577484665318115,0.2528871284095169,0.27381845786127357,0.2546520233154297,0.25775334367625924,0.233933358457171
2025-08-18,2025-08-21,0.309069415937494,0.2533321594343461,RandomForest_StateResidual_InertiaShrink,0.44031582415245785,0.3253679527509642,0.46104135172972127,0.26760121342460835,0.2744332210780976,0.2585609093937628,0.2608358312928014,0.26821490385634067,0.2626817805984965,0.25210753083229065,0.2613724734925284,0.25699510827388466,0.29610672183601294,0.3253679527509642,0.28768124151637614,0.2958121047284367,0.25859412201965004,0.268932507699094,0.25436078418113023,0.2528871284095169,0.27381845786127357,0.25210753083229065,0.2613724734925284,0.2596385547956808
2025-08-19,2025-08-22,0.309069415937494,0.26405079298003087,RandomForest_StateResidual_InertiaShrink,0.4560838980104054,0.361889075522407,0.48789411027790175,0.31385168358564647,0.30461565299334886,0.2757043236636464,0.2775573151811248,0.29716467183605205,0.3075943637227028,0.2877764105796814,0.2873508297194488,0.28237129457314075,0.29610672183601294,0.361889075522407,0.28768124151637614,0.30266160395143366,0.2887765539349013,0.268932507699094,0.2710822680694536,0.2921851664120326,0.30730196932089454,0.2877764105796814,0.2873508297194488,0.28361693527299076
2025-08-20,2025-08-23,0.309069415937494,0.263420322410239,RandomForest_StateResidual_InertiaShrink,0.3825225044128182,0.3020021594481054,0.4285064954036336,0.31185683916265383,0.30067737846570664,0.27091962063570757,0.269536748243106,0.2885322971796109,0.274455738754348,0.2763771414756775,0.2783292543707302,0.27346816664585943,0.29610672183601294,0.3020021594481054,0.28768124151637614,0.30266160395143366,0.2848382794072591,0.268932507699094,0.2630617011314348,0.2913417411318166,0.27381845786127357,0.2763771414756775,0.2783292543707302,0.28361693527299076
2025-08-21,2025-08-24,0.300051601933808,0.31248857659352636,RandomForest_StateResidual_InertiaShrink,0.41196601640041675,0.3161593434658029,0.43813066697258946,0.32718751160367704,0.3330197880994723,0.3052858490913326,0.31173804765982804,0.29463966634406,0.3135367544157851,0.2924729883670807,0.2888706050568473,0.30997703561466083,0.29610672183601294,0.3161593434658029,0.28768124151637614,0.30266160395143366,0.31718068904102475,0.30654586066042006,0.30526300054815686,0.2913417411318166,0.3090657259315235,0.2924729883670807,0.2888706050568473,0.30424434851517074
2025-08-22,2025-08-25,0.29035403502439,0.2989853954958111,RandomForest_StateResidual_InertiaShrink,0.369648334951008,0.28945329934486147,0.38178148845093435,0.27721255178390075,0.31274291306305535,0.29701645441983077,0.30107826260993154,0.28447909363374857,0.2870606631575589,0.27794528007507324,0.2886242842054994,0.29192596896842765,0.29610672183601294,0.28945329934486147,0.28768124151637614,0.2958121047284367,0.2969038140046078,0.29061705494261264,0.29460321549826035,0.285487083228945,0.28860534254804715,0.27794528007507324,0.2886242842054994,0.2895816224950154
2025-08-23,2025-08-26,0.280142545122429,0.2926271194574856,RandomForest_StateResidual_InertiaShrink,0.38307588562534833,0.3035286268094558,0.413004701974387,0.2840012572534872,0.3094753577223409,0.2928783313452824,0.2968072802979602,0.2846769470295564,0.2919926490007649,0.2768954932689667,0.28472869511416166,0.2947888209976272,0.29610672183601294,0.3035286268094558,0.28768124151637614,0.2958121047284367,0.29363625866389337,0.28723638755852476,0.29033223318628903,0.285487083228945,0.28860534254804715,0.2768954932689667,0.28472869511416166,0.2895816224950154
2025-08-24,2025-08-27,0.272490206599924,0.28319977180729056,RandomForest_StateResidual_InertiaShrink,0.38249420434542114,0.2969491321258232,0.4263702918797794,0.27766950583747807,0.29757483577259325,0.28717450227969904,0.29051959803741756,0.2802816715124037,0.29195881411061486,0.27524086833000183,0.2771855572501211,0.2828514712470368,0.29610672183601294,0.2969491321258232,0.28768124151637614,0.2958121047284367,0.2817357367141457,0.272490206599924,0.2840445509257464,0.28303324358586496,0.28860534254804715,0.27524086833000183,0.2771855572501211,0.28361693527299076
2025-08-25,2025-08-28,0.264340623661707,0.27591937920255744,RandomForest_StateResidual_InertiaShrink,0.35354520170945425,0.28243398958846766,0.38993032670353456,0.2608718424760382,0.2892729809491199,0.28562241443331526,0.2856675693811081,0.27851197376369313,0.29133280118968263,0.27244019508361816,0.2777127848676765,0.2803229314973663,0.29610672183601294,0.28243398958846766,0.28768124151637614,0.27999135628675514,0.27343388189067236,0.268932507699094,0.2791925222694369,0.264340623661707,0.28860534254804715,0.27244019508361816,0.2777127848676765,0.28361693527299076
2025-08-26,2025-08-29,0.256093349946476,0.2730305847519688,RandomForest_StateResidual_InertiaShrink,0.365394115596322,0.26468579901313644,0.38898902721691114,0.2439620866093218,0.28015600041373,0.2787142209550844,0.2773926791268018,0.2711710051960155,0.2711173434423078,0.2699906826019287,0.2603712510080908,0.2769636771866111,0.29610672183601294,0.26468579901313644,0.28768124151637614,0.2570443558145419,0.26431690135528246,0.268932507699094,0.27091763201513064,0.2528871284095169,0.27381845786127357,0.2699906826019287,0.2603712510080908,0.28361693527299076
2025-08-27,2025-08-30,0.247082044686204,0.2637260525062264,RandomForest_StateResidual_InertiaShrink,0.3533666136849577,0.27494427478474004,0.4195379815973479,0.2655001635964371,0.2765956953038756,0.276212055093596,0.2730156618781879,0.27807502774848925,0.27373755041803405,0.2717205584049225,0.26571552848706675,0.2732115393682574,0.29610672183601294,0.27494427478474004,0.28768124151637614,0.28468823355822903,0.2607565962454281,0.268932507699094,0.2665406147665167,0.2528871284095169,0.27381845786127357,0.2717205584049225,0.26571552848706675,0.264265111426911
2025-08-28,2025-08-31,0.244063116850993,0.25604172844107975,RandomForest_StateResidual_InertiaShrink,0.2888932480086114,0.2590516662166962,0.3147154885902844,0.22668911088433538,0.27015676035931524,0.26946650953528745,0.2679036057809604,0.27808891302227196,0.27159418960524156,0.26717308163642883,0.2639783468679775,0.2651224149280284,0.2943111776501229,0.2590516662166962,0.28768124151637614,0.2570443558145419,0.2543176613008677,0.268932507699094,0.2614285586692892,0.2528871284095169,0.27381845786127357,0.26717308163642883,0.2639783468679775,0.264265111426911
2025-08-29,2025-09-01,0.301291929320665,0.2477941316754912,RandomForest_StateResidual_InertiaShrink,0.2644962626959772,0.25380870693922675,0.30224506655639116,0.22455913902418348,0.24026377945720462,0.2513812051382915,0.257466260374476,0.247964947658736,0.25118739581851063,0.24540472030639648,0.24287878288037956,0.25554937270931405,0.276908108595933,0.25380870693922675,0.2872761323550492,0.2570443558145419,0.22442468039875704,0.256303938639013,0.2509912132628048,0.23185622433988484,0.27381845786127357,0.24540472030639648,0.24287878288037956,0.2596385547956808
2025-08-30,2025-09-02,0.317097451748946,0.24877629965661907,RandomForest_StateResidual_InertiaShrink,0.2853039890089921,0.24856189571493642,0.334028330446583,0.2329940959768605,0.2547124633794623,0.25349735363558373,0.25601457107562237,0.2593664574474419,0.2637247356176925,0.2561815679073334,0.2575190663345965,0.26257845301478466,0.2943111776501229,0.24856189571493642,0.28768124151637614,0.2570443558145419,0.23887336432101472,0.268932507699094,0.24953952396395118,0.2528871284095169,0.27381845786127357,0.2561815679073334,0.2575190663345965,0.264265111426911
2025-08-31,2025-09-03,0.317097451748946,0.26465214526811676,RandomForest_StateResidual_InertiaShrink,0.2905475230877489,0.2628474442911682,0.3607052123463882,0.2771448171201333,0.27192031336612066,0.26386532868015694,0.2597774996162511,0.27880152781687734,0.25187531854606177,0.27635255455970764,0.2665879479810723,0.2739772239546513,0.29610672183601294,0.2628474442911682,0.28768124151637614,0.2958121047284367,0.2560812143076731,0.268932507699094,0.2533024525045799,0.28303324358586496,0.27381845786127357,0.27635255455970764,0.2665879479810723,0.28361693527299076
2025-09-01,2025-09-04,0.317097451748946,0.30840514622575266,RandomForest_StateResidual_InertiaShrink,0.2887425564045018,0.28790706388060155,0.3168888529887313,0.30005206346140134,0.33467292460197673,0.31422615791906294,0.3134814887094234,0.3070364479875403,0.30374530623052814,0.29651230573654175,0.29922331168473604,0.30660524549235896,0.2943111776501229,0.28790706388060155,0.28768124151637614,0.30266160395143366,0.3188338255435292,0.314672046183974,0.3070064415977522,0.2987199041954946,0.30411020908258435,0.29651230573654175,0.29922331168473604,0.30424434851517074
2025-09-02,2025-09-05,0.307035930244643,0.3178782964639257,RandomForest_StateResidual_InertiaShrink,0.25409096559959526,0.2798187811036726,0.2693849581208868,0.29530098401813026,0.32967415893409224,0.3095861070205412,0.3085614883070564,0.293363682023063,0.2876420363407798,0.2825184762477875,0.28999388359681755,0.30013584485373657,0.26755506146932,0.2798187811036726,0.27886933726173824,0.30266160395143366,0.3138350598756447,0.307035930244643,0.3020864411953852,0.2913417411318166,0.28860534254804715,0.2825184762477875,0.28999388359681755,0.30424434851517074
2025-09-03,2025-09-06,0.298521169804607,0.3106852695515443,RandomForest_StateResidual_InertiaShrink,0.2761778020152472,0.29088727879398546,0.2872101667572937,0.30443762313612754,0.3267913830546765,0.3058144879357348,0.30478937561732994,0.2949766531918082,0.29311166278653417,0.2862194776535034,0.2891659209059653,0.30563747844974937,0.2943111776501229,0.29088727879398546,0.2872761323550492,0.30266160395143366,0.31095228399622893,0.30654586066042006,0.29831432850565875,0.2913417411318166,0.28860534254804715,0.2862194776535034,0.2891659209059653,0.30424434851517074
2025-09-04,2025-09-07,0.297868322732409,0.3052405821577098,RandomForest_StateResidual_InertiaShrink,0.3095236313220236,0.2949985630266313,0.2941205319186815,0.30962609668634233,0.33517095913672645,0.30159943855446586,0.3041729940976338,0.2980510003234624,0.28400694245315916,0.2828116714954376,0.285595397698362,0.3075810680770505,0.29610672183601294,0.2949985630266313,0.2872761323550492,0.30266160395143366,0.3193318600782789,0.30654586066042006,0.29769794698596264,0.2921851664120326,0.28860534254804715,0.2828116714954376,0.285595397698362,0.30424434851517074
2025-09-05,2025-09-08,0.297868322732409,0.29677337582205093,RandomForest_StateResidual_InertiaShrink,0.2748520301666586,0.2715515748104106,0.2252046898835659,0.2813710538975443,0.31470092665733096,0.2928473810971031,0.29463458913604046,0.28936191898338814,0.2864815914797047,0.2829347252845764,0.2858363922943016,0.30026953193953987,0.2943111776501229,0.2715515748104106,0.25363488345297663,0.2958121047284367,0.2988618275988834,0.28723638755852476,0.2881595420243693,0.2913417411318166,0.28860534254804715,0.2829347252845764,0.2858363922943016,0.30424434851517074
2025-09-06,2025-09-09,0.301796831387529,0.3019362689657472,RandomForest_StateResidual_InertiaShrink,0.330948372483541,0.2951555884109298,0.2811622205508871,0.2881037904262862,0.3121641526328906,0.2965205209052433,0.29687895677025045,0.29903304276450066,0.2939447832887562,0.290853351354599,0.28919468697550743,0.30751414430768964,0.29610672183601294,0.2951555884109298,0.27886933726173824,0.30266160395143366,0.29632505357444305,0.29061705494261264,0.29040390965857926,0.2921851664120326,0.28860534254804715,0.290853351354599,0.28919468697550743,0.30424434851517074
2025-09-07,2025-09-10,0.301796831387529,0.29172619758147644,RandomForest_StateResidual_InertiaShrink,0.2896319319429946,0.2588863858736372,0.2514737690944046,0.26271921159452905,0.29534131669571595,0.2886955728017188,0.28829470830329024,0.28347326157438907,0.2732256299704529,0.27558815479278564,0.2747758671655031,0.28917603608000914,0.29610672183601294,0.2588863858736372,0.27886933726173824,0.28468823355822903,0.2795022176372684,0.2853476254424972,0.28181966119161905,0.285487083228945,0.27381845786127357,0.27558815479278564,0.2747758671655031,0.28361693527299076
2025-09-08,2025-09-11,0.301796831387529,0.2894484397680589,RandomForest_StateResidual_InertiaShrink,0.29188696682977583,0.2659129051731738,0.24924784999419286,0.26549737927531286,0.29062995524483226,0.2898470640421725,0.2909808929123993,0.2932099603348949,0.27417309695108166,0.2809448540210724,0.27907255751598703,0.2911798765975082,0.29610672183601294,0.2659129051731738,0.27886933726173824,0.28468823355822903,0.2747908561863847,0.2853476254424972,0.28450584580072813,0.2913417411318166,0.27381845786127357,0.2809448540210724,0.27907255751598703,0.2895816224950154
2025-09-09,2025-09-12,0.296569026370421,0.3076452343869362,RandomForest_StateResidual_InertiaShrink,0.3233508310394931,0.2866218033616394,0.31013680978494607,0.27889777842556923,0.3095558299548336,0.2993322156308611,0.29854005069015227,0.2965515687692681,0.2900391807921672,0.28977516293525696,0.2876655630196908,0.3043600939234468,0.29610672183601294,0.2866218033616394,0.28768124151637614,0.2958121047284367,0.29371673089638606,0.29061705494261264,0.2920650035784811,0.2921851664120326,0.28860534254804715,0.28977516293525696,0.2876655630196908,0.30424434851517074
2025-09-10,2025-09-13,0.292631579315562,0.30013531821293854,RandomForest_StateResidual_InertiaShrink,0.32777818979642387,0.2883298717337156,0.3110385823680756,0.2875138803014867,0.32142316362069734,0.3049112633121845,0.30748256513522826,0.3061825151355629,0.2966861422930334,0.30110856890678406,0.29140679950252046,0.30718122434925516,0.29610672183601294,0.2883298717337156,0.28768124151637614,0.2958121047284367,0.3055840645622498,0.30654586066042006,0.3010075180235571,0.2987199041954946,0.28860534254804715,0.30110856890678406,0.29140679950252046,0.30424434851517074
2025-09-11,2025-09-14,0.292631579315562,0.2909600562552964,RandomForest_StateResidual_InertiaShrink,0.3597161011361212,0.29630063293842085,0.3432448020487109,0.28308083809022194,0.3009664225302617,0.2946084891667616,0.30016329714777656,0.295061495094592,0.296655609358915,0.2896305322647095,0.28830464412729057,0.303908661801422,0.29610672183601294,0.29630063293842085,0.28768124151637614,0.2958121047284367,0.28512732347181413,0.29061705494261264,0.2936882500361054,0.2913417411318166,0.28860534254804715,0.2896305322647095,0.28830464412729057,0.30424434851517074
2025-09-12,2025-09-15,0.292631579315562,0.2952177457465514,RandomForest_StateResidual_InertiaShrink,0.37254821066272814,0.3118647836505173,0.3732364836664653,0.31620694554367,0.3129539060540548,0.3052575569457543,0.3041416522577669,0.30316433419631356,0.3079027162006797,0.2970609962940216,0.29216786639836184,0.30756110995975416,0.29610672183601294,0.3118647836505173,0.28768124151637614,0.30266160395143366,0.2971148069956073,0.30654586066042006,0.2976666051460957,0.2987199041954946,0.30730196932089454,0.2970609962940216,0.29216786639836184,0.30424434851517074
2025-09-13,2025-09-16,0.290344620919499,0.29914293340798026,RandomForest_StateResidual_InertiaShrink,0.38899763462591896,0.30933536328824734,0.39272623964764497,0.3254851781175899,0.33083228564737666,0.3109514280818054,0.309081605429261,0.31166388923200683,0.31579239999090314,0.29911917448043823,0.29136725879618103,0.3136383075747175,0.29610672183601294,0.30933536328824734,0.28768124151637614,0.30266160395143366,0.3149931865889291,0.31351397007652904,0.3026065583175898,0.3041122897275797,0.3090657259315235,0.29911917448043823,0.29136725879618103,0.30424434851517074
2025-09-14,2025-09-17,0.283354115038192,0.29279044992338643,RandomForest_StateResidual_InertiaShrink,0.3584601821115864,0.27492625684244315,0.3484682760379309,0.27511165126964543,0.3114314680454688,0.30582274987175306,0.30696298991391124,0.2935592914872737,0.2913100790404203,0.28382211923599243,0.2819151582855945,0.30156493900988157,0.29610672183601294,0.27492625684244315,0.28768124151637614,0.2958121047284367,0.29559236898702124,0.30654586066042006,0.30048794280224006,0.2913417411318166,0.28860534254804715,0.28382211923599243,0.2819151582855945,0.30424434851517074
2025-09-15,2025-09-18,0.282623840830875,0.2883413800328489,RandomForest_StateResidual_InertiaShrink,0.3187831569604036,0.2843017664262695,0.37921076057167236,0.2817480786881516,0.3131853383961549,0.29897289428960394,0.30082503852372666,0.29928702022638026,0.29068781639575625,0.29094070196151733,0.29071177890034894,0.29687626467315387,0.29610672183601294,0.2843017664262695,0.28768124151637614,0.2958121047284367,0.2973462393377074,0.29061705494261264,0.2943499914120555,0.2921851664120326,0.28860534254804715,0.29094070196151733,0.29071177890034894,0.30424434851517074
2025-09-16,2025-09-19,0.30157113317069,0.27210625763628277,RandomForest_StateResidual_InertiaShrink,0.2510384037296983,0.2369346867100855,0.2901259642160906,0.22338519217731206,0.27378495904473865,0.29248250377070184,0.29130703183366846,0.28819798354081855,0.2823014885158729,0.2800794243812561,0.28063711251046014,0.2801937844984819,0.263214446740207,0.2369346867100855,0.2872761323550492,0.2570443558145419,0.2579458599862911,0.28723638755852476,0.2848319847219973,0.2913417411318166,0.28860534254804715,0.2800794243812561,0.28063711251046014,0.28361693527299076
2025-09-17,2025-09-20,0.30157113317069,0.28113844234544016,RandomForest_StateResidual_InertiaShrink,0.26355839705584416,0.2609604702108301,0.2907394199458825,0.24880996752789028,0.2869871159527053,0.30116329712579665,0.2957224562505622,0.3028815671690705,0.3022017639286688,0.29748108983039856,0.28866358095185973,0.30360746756976675,0.276908108595933,0.2609604702108301,0.2872761323550492,0.27999135628675514,0.27114801689425777,0.30654586066042006,0.289247409138891,0.2987199041954946,0.30157113317069,0.29748108983039856,0.28866358095185973,0.30424434851517074
2025-09-18,2025-09-21,0.30157113317069,0.28633828043800064,RandomForest_StateResidual_InertiaShrink,0.23456001588797185,0.24655035868354122,0.2748279088118337,0.23189697303547296,0.2971770345271853,0.29771212125786195,0.2911563220885723,0.28695599883263934,0.2883296367308232,0.2848358154296875,0.28256268867876033,0.28732333962106527,0.2520184246777232,0.24655035868354122,0.27886933726173824,0.2570443558145419,0.28133793546873775,0.29061705494261264,0.2846812749769011,0.285487083228945,0.28860534254804715,0.2848358154296875,0.28256268867876033,0.28361693527299076
2025-09-19,2025-09-22,0.293203273972103,0.30520521199086537,RandomForest_StateResidual_InertiaShrink,0.24934996541826984,0.26986211769162244,0.28941049533002994,0.25313512541351213,0.3061787951116691,0.2996615494998689,0.2941249842776508,0.2922311702370332,0.30498367435413676,0.2854348123073578,0.2866557328471148,0.29055165420575496,0.263214446740207,0.26986211769162244,0.2872761323550492,0.27999135628675514,0.2903396960532216,0.29061705494261264,0.28764993716597964,0.2913417411318166,0.30411020908258435,0.2854348123073578,0.2866557328471148,0.2866824490244465
2025-09-20,2025-09-23,0.293203273972103,0.29957639740332787,RandomForest_StateResidual_InertiaShrink,0.22945303784442078,0.260448772144595,0.23144390746395477,0.251267123477194,0.301708384909845,0.2972497046662928,0.29125246167435137,0.30087288630654424,0.29924370599346306,0.30110201239585876,0.2939527484097272,0.2939601640930733,0.2501894105717516,0.260448772144595,0.27886933726173824,0.27999135628675514,0.2858692858513974,0.29061705494261264,0.2847774145626802,0.2987199041954946,0.28860534254804715,0.30110201239585876,0.2939527484097272,0.2895816224950154
2025-09-21,2025-09-24,0.282120615304437,0.3024473564036054,RandomForest_StateResidual_InertiaShrink,0.24985751128555436,0.27449517919151567,0.25870392131501974,0.2720150881272771,0.3202907331253264,0.29976523017350226,0.2979947532979557,0.30325298152983904,0.30702282226704364,0.29668930172920227,0.29401297692228673,0.2957114857233052,0.263214446740207,0.27449517919151567,0.27886933726173824,0.2958121047284367,0.30445163406687886,0.29061705494261264,0.29151970618628453,0.2987199041954946,0.30730196932089454,0.29668930172920227,0.29401297692228673,0.2895816224950154
2025-09-22,2025-09-25,0.28016162407679,0.2882178533428299,RandomForest_StateResidual_InertiaShrink,0.20871422303113335,0.24471790239128904,0.22577627624249796,0.24717256321100667,0.3070397929850908,0.2899107600810874,0.2893824495785674,0.29060024287652836,0.29090729831460505,0.2912672460079193,0.2869828260504019,0.281206614587241,0.2501894105717516,0.24471790239128904,0.25363488345297663,0.2570443558145419,0.2912006939266433,0.2853476254424972,0.2829074024668962,0.2913417411318166,0.28860534254804715,0.2912672460079193,0.2869828260504019,0.28361693527299076
2025-09-23,2025-09-26,0.28016162407679,0.286510085687091,RandomForest_StateResidual_InertiaShrink,0.22019998101644542,0.24176890604996,0.21305649691826098,0.24750780630147362,0.3022395110618246,0.29190945048165806,0.2885552110135532,0.29572548528758313,0.29152599387209094,0.29296693205833435,0.29204767216857125,0.290565299663468,0.2501894105717516,0.24176890604996,0.2457347259806392,0.27999135628675514,0.28640041200337707,0.2853476254424972,0.282080163901882,0.2913417411318166,0.28860534254804715,0.29296693205833435,0.29204767216857125,0.2866824490244465
2025-09-24,2025-09-27,0.269579577907763,0.29026876099379106,RandomForest_StateResidual_InertiaShrink,0.20281690756924936,0.22955963073521343,0.20886105344442463,0.2365366178757186,0.30481618115173703,0.29095777199689893,0.2865347041319899,0.3032019457307803,0.3052865488955181,0.29724201560020447,0.28994196318636944,0.29009069298498713,0.2384672799540645,0.22955963073521343,0.2457347259806392,0.2570443558145419,0.2889770820932895,0.2853476254424972,0.2800596570203187,0.2987199041954946,0.30411020908258435,0.29724201560020447,0.28994196318636944,0.28361693527299076
2025-09-25,2025-09-28,0.259818695567156,0.2792660037881145,RandomForest_StateResidual_InertiaShrink,0.21890621602115198,0.24518576846933965,0.21574579865195484,0.23113902838158876,0.3030356642853233,0.28071837095676566,0.279632045321951,0.29516157617830036,0.29876041672842174,0.29214805364608765,0.287408827111086,0.2871522574796948,0.2501894105717516,0.24518576846933965,0.2457347259806392,0.2570443558145419,0.28719656522687576,0.268932507699094,0.27315699821027983,0.2913417411318166,0.28860534254804715,0.29214805364608765,0.287408827111086,0.28361693527299076
2025-09-26,2025-09-29,0.250933632870284,0.26550249197656756,RandomForest_StateResidual_InertiaShrink,0.20319356213653378,0.22196557497524755,0.19200764924786207,0.2133294805557996,0.27121756716587275,0.27150835033516396,0.2721921583754332,0.277949512112281,0.27818581304460355,0.2813706398010254,0.2704025654411573,0.25946085669910707,0.2384672799540645,0.22196557497524755,0.21505508056468975,0.22792685948103397,0.2553784681074252,0.268932507699094,0.265717111263762,0.2528871284095169,0.27381845786127357,0.2813706398010254,0.2704025654411573,0.2596385547956808
2025-09-27,2025-09-30,0.24333833418864,0.25708494628766554,RandomForest_StateResidual_InertiaShrink,0.18811377863816892,0.20138987277854992,0.18531089294364245,0.2000620166984126,0.2499500493781511,0.26400185246885377,0.26279060027198264,0.2684110067224028,0.2689168425161237,0.2742280960083008,0.27396772541017334,0.2432520819391905,0.2384672799540645,0.20138987277854992,0.21505508056468975,0.21005915015136434,0.23411095031970353,0.268932507699094,0.25631555316031146,0.2528871284095169,0.27381845786127357,0.2742280960083008,0.27396772541017334,0.233933358457171
2025-09-28,2025-10-01,0.236239028801756,0.25185309701215425,RandomForest_StateResidual_InertiaShrink,0.23442711488790066,0.24974584133076752,0.209323973763456,0.2441022023232315,0.27934021200015857,0.25746941476173346,0.2532650208886018,0.2775042267713735,0.27529592792057145,0.27874815464019775,0.27233803579395693,0.256295181654766,0.2501894105717516,0.24974584133076752,0.2457347259806392,0.2570443558145419,0.263501112941711,0.268932507699094,0.24678997377693063,0.2528871284095169,0.27381845786127357,0.27874815464019775,0.27233803579395693,0.2596385547956808
2025-09-29,2025-10-02,0.232223129149889,0.24465933414909224,RandomForest_StateResidual_InertiaShrink,0.24495180328840788,0.25771891711849193,0.2641122010198912,0.23420108280809163,0.2796915103976047,0.2485572953393671,0.2474928346412797,0.27729020024784196,0.29582826916881694,0.2733835279941559,0.2569659076022199,0.26203220366326785,0.2520184246777232,0.25771891711849193,0.27886933726173824,0.2570443558145419,0.26385241133915716,0.22219310546174498,0.2410177875296085,0.2528871284095169,0.28860534254804715,0.2733835279941559,0.2569659076022199,0.2596385547956808
2025-09-30,2025-10-03,0.228074192693997,0.23964084880649428,RandomForest_StateResidual_InertiaShrink,0.2553705883015387,0.2556213465252192,0.2979216216267182,0.24721655043688293,0.27009402602727395,0.24419210911642458,0.24389308851237493,0.2698067777775004,0.3002934839256978,0.2697663903236389,0.24946350266022382,0.25735556961910755,0.26755506146932,0.2556213465252192,0.2872761323550492,0.2570443558145419,0.2542549269688264,0.22219310546174498,0.23741804140070377,0.2528871284095169,0.28860534254804715,0.2697663903236389,0.24946350266022382,0.2596385547956808
2025-10-01,2025-10-04,0.227861263296444,0.23524589178515284,RandomForest_StateResidual_InertiaShrink,0.2670066114157611,0.25598668153295334,0.27622492897935064,0.2263165523483461,0.25493152903949134,0.23953242108721282,0.23682850590723287,0.25369302095307994,0.24795081427020196,0.2502589523792267,0.25045245330167654,0.2344547852638919,0.276908108595933,0.25598668153295334,0.27886933726173824,0.2570443558145419,0.23909242998104377,0.21751468933625664,0.23035345879556168,0.23185622433988484,0.227861263296444,0.2502589523792267,0.25045245330167654,0.2143660385251385
2025-10-02,2025-10-05,0.227861263296444,0.23080911196974424,RandomForest_StateResidual_InertiaShrink,0.24469639776291166,0.22825983276515802,0.271001578911604,0.21247376354696057,0.22879521357083216,0.23733805347063466,0.2339355600662833,0.2567574452654229,0.24268698483941692,0.24331526458263397,0.24452937189294383,0.22960439943004451,0.2520184246777232,0.22825983276515802,0.27886933726173824,0.227861263296444,0.21295611451238458,0.21751468933625664,0.22746051295461212,0.23185622433988484,0.227861263296444,0.24331526458263397,0.24452937189294383,0.2143660385251385
2025-10-03,2025-10-06,0.227861263296444,0.2377331761418436,RandomForest_StateResidual_InertiaShrink,0.25376757974833064,0.2533486908725211,0.30230515305287053,0.2437512000829329,0.25925151793263035,0.24701252066348262,0.24595850078570736,0.26573068930375604,0.2504678936305094,0.24837976694107056,0.25069010613542964,0.24070398527997547,0.263214446740207,0.2533486908725211,0.2872761323550492,0.2570443558145419,0.24341241887418277,0.22219310546174498,0.23948345367403617,0.2528871284095169,0.227861263296444,0.24837976694107056,0.25069010613542964,0.227861263296444
2025-10-04,2025-10-07,0.217886856076611,0.23786621134794772,RandomForest_StateResidual_InertiaShrink,0.24763920410165244,0.24320103491370593,0.28170370914453735,0.23269643806422283,0.2680586004391792,0.24820307643779177,0.24821418768715886,0.2541815118239221,0.23993447655387273,0.24691852927207947,0.24640050501717614,0.2368246232487387,0.2520184246777232,0.24320103491370593,0.27886933726173824,0.2570443558145419,0.2522195013807316,0.22219310546174498,0.24173914057548768,0.23185622433988484,0.2114034710841975,0.24691852927207947,0.24640050501717614,0.217886856076611
2025-10-05,2025-10-08,0.211315947957361,0.22932335442273385,RandomForest_StateResidual_InertiaShrink,0.25370739878518617,0.24057841476447833,0.2930717391143997,0.22809912941778246,0.24875603005076696,0.25244060798865026,0.2541695245590305,0.2571329719751521,0.23782964710073967,0.2584517002105713,0.24954007384784985,0.25468133890417877,0.263214446740207,0.24057841476447833,0.2872761323550492,0.2570443558145419,0.2329169309923194,0.256303938639013,0.24769447744735934,0.23185622433988484,0.211315947957361,0.2584517002105713,0.24954007384784985,0.233933358457171
2025-10-06,2025-10-09,0.204920086091784,0.22310141127005506,RandomForest_StateResidual_InertiaShrink,0.23272212559995842,0.22082554787310826,0.2655910530092777,0.21590371489210608,0.23052180854582938,0.24944982742367464,0.25374132299963326,0.2566213744336185,0.24195867656245607,0.2547547519207001,0.25477874900048525,0.23614066583726112,0.2501894105717516,0.22082554787310826,0.27886933726173824,0.22792685948103397,0.2146827094873818,0.22219310546174498,0.24726627588796207,0.23185622433988484,0.2114034710841975,0.2547547519207001,0.25477874900048525,0.2143660385251385
2025-10-07,2025-10-10,0.196821541415882,0.21739170353482265,RandomForest_StateResidual_InertiaShrink,0.22332737170740768,0.21142600411999632,0.27005411144429226,0.21047579099481128,0.21478144847857517,0.2413333033484128,0.24295583098463866,0.24065488624601178,0.23729213029436477,0.25318780541419983,0.2321155533982144,0.2357503779170159,0.2501894105717516,0.21142600411999632,0.27886933726173824,0.21005915015136434,0.1989423494201276,0.21751468933625664,0.2364807838729675,0.196821541415882,0.196821541415882,0.25318780541419983,0.2321155533982144,0.2143660385251385
2025-10-08,2025-10-11,0.190017574849571,0.20881646912003454,RandomForest_StateResidual_InertiaShrink,0.20410607595982574,0.20707548214005617,0.2507997442239153,0.2052940211514349,0.21264688220196276,0.22990565511434866,0.23730112345957588,0.20796805948859592,0.21388927885366965,0.21929249167442322,0.20428832152788937,0.22075028037999064,0.2384672799540645,0.20707548214005617,0.27886933726173824,0.21005915015136434,0.19680778314351519,0.190017574849571,0.2308260763479047,0.190017574849571,0.190017574849571,0.21929249167442322,0.20428832152788937,0.190017574849571
2025-10-09,2025-10-12,0.183073651650104,0.2020357125459276,RandomForest_StateResidual_InertiaShrink,0.1716819536984541,0.19979518947572267,0.2026270122151653,0.19067791217803204,0.203004293847656,0.22136900602745066,0.23033737363988732,0.191567379434774,0.21028496889089227,0.19525288045406342,0.19385095944953382,0.20253415683298787,0.18294101958318867,0.19979518947572267,0.21505508056468975,0.18297417759991752,0.18716519478920843,0.183073651650104,0.22386232652821614,0.183073651650104,0.183073651650104,0.19525288045406342,0.19385095944953382,0.183073651650104
2025-10-10,2025-10-13,0.182874703549731,0.19412652161657376,RandomForest_StateResidual_InertiaShrink,0.17571074821547153,0.2023020421295316,0.20071210618469607,0.18804476644381066,0.20225049531308842,0.2134447479806991,0.22388760473020689,0.18090382128493546,0.2043480233458918,0.19252784550189972,0.19098357237060518,0.19957020073554477,0.18294101958318867,0.2023020421295316,0.21505508056468975,0.182874703549731,0.18641139625464084,0.182874703549731,0.21741255761853573,0.182874703549731,0.182874703549731,0.19252784550189972,0.19098357237060518,0.182874703549731
2025-10-11,2025-10-14,0.182874703549731,0.1885644976645354,RandomForest_StateResidual_InertiaShrink,0.178713652853116,0.19936109207591662,0.2240704210850046,0.19080627399549893,0.17294878246846307,0.2073902315217168,0.21715188745078573,0.17663164938542703,0.19424786844230746,0.19217650592327118,0.1914059933845426,0.1932045190899801,0.18294101958318867,0.19936109207591662,0.2457347259806392,0.18297417759991752,0.1571096834100155,0.182874703549731,0.21067684033911455,0.182874703549731,0.182874703549731,0.19217650592327118,0.1914059933845426,0.182874703549731
2025-10-12,2025-10-15,0.182874703549731,0.18071807583241967,RandomForest_StateResidual_InertiaShrink,0.1711978271098877,0.18060682867005884,0.22997458157919617,0.16240727704360983,0.1752520605977253,0.20328200989246753,0.21381325327167064,0.16720963210118106,0.18473166245377984,0.17373675107955933,0.17688728775192128,0.18786517640359018,0.182874703549731,0.18060682867005884,0.25363488345297663,0.182874703549731,0.15941296153927773,0.182874703549731,0.20733820615999948,0.182874703549731,0.182874703549731,0.17373675107955933,0.17688728775192128,0.182874703549731
