issue_date,pred_date,Observed_Q_point,Observed_H_point,Observed_Q_max,Observed_H_max,issue_state_Q,issue_state_H,P_issue,ET_issue,Q_issue,H_issue,P_sum_2_issue,ET_sum_2_issue,P_minus_ET_sum_2_issue,effective_P_sum_2_issue,P_sum_3_issue,ET_sum_3_issue,P_minus_ET_sum_3_issue,effective_P_sum_3_issue,P_sum_5_issue,ET_sum_5_issue,P_minus_ET_sum_5_issue,effective_P_sum_5_issue,P_sum_7_issue,ET_sum_7_issue,P_minus_ET_sum_7_issue,effective_P_sum_7_issue,P_sum_14_issue,ET_sum_14_issue,P_minus_ET_sum_14_issue,effective_P_sum_14_issue,P_sum_21_issue,ET_sum_21_issue,P_minus_ET_sum_21_issue,effective_P_sum_21_issue,P_sum_30_issue,ET_sum_30_issue,P_minus_ET_sum_30_issue,effective_P_sum_30_issue,P_sum_40_issue,ET_sum_40_issue,P_minus_ET_sum_40_issue,effective_P_sum_40_issue
2025-07-19,2025-07-22,1.96485412588222,0.280549741694982,2.44338932317088,0.297453503893305,2.75338613258771,0.30736115422272,0.594,1.854,2.75338613258771,0.30736115422272,25.087,3.292,21.794999999999984,23.054999999999986,31.619,4.313,27.30600000000001,28.566,31.619,10.98,20.639000000000014,28.566,31.619,14.334,17.28499999999997,28.566000000000013,103.021,45.593999999999994,57.427,85.64800000000001,103.02100000000002,71.657,31.364,85.648,244.34099999999998,91.553,152.78799999999998,213.757,356.267,116.48899999999999,239.778,319.20000000000005
2025-07-20,2025-07-23,1.91336413358871,0.278589263818582,2.17023647621827,0.288077226771654,2.44338932317088,0.297453503893305,0.0,2.271,2.44338932317088,0.297453503893305,0.594,4.125,-3.5310000000000143,0.0,25.087,5.563,19.524000000000015,23.055,31.619,10.022,21.597000000000016,28.566,31.619,15.709,15.909999999999973,28.566000000000013,103.021,43.593999999999994,59.427,85.64800000000001,103.02100000000002,72.074,30.947,85.648,244.19299999999998,92.97,151.22299999999998,213.757,345.282,117.948,227.33399999999997,309.02700000000004
2025-07-21,2025-07-24,1.77541532923925,0.273175593859654,1.96485412588222,0.280549741694982,2.17023647621827,0.288077226771654,0.0,3.042,2.17023647621827,0.288077226771654,0.0,5.313,-5.313000000000014,0.0,0.594,7.167,-6.572999999999986,0.0,31.619,9.626,21.993000000000013,28.566,31.619,16.293,15.325999999999974,28.566000000000013,103.021,41.782,61.239,85.64800000000001,103.02100000000002,71.949,31.072000000000003,85.648,240.482,93.887,146.59499999999997,212.171,321.976,120.136,201.84,286.57500000000005
2025-07-22,2025-07-25,1.83482692070443,0.275537020274727,1.91336413358871,0.278589263818582,1.96485412588222,0.280549741694982,0.148,2.146,1.96485412588222,0.280549741694982,0.148,5.188,-5.040000000000014,0.0,0.148,7.459,-7.310999999999986,0.0,25.235,10.751000000000001,14.484000000000014,23.055,31.767,15.21,16.55699999999997,28.566000000000013,84.465,39.501,44.964,71.37100000000001,103.16900000000001,70.949,32.22,85.648,152.157,94.366,57.79099999999999,125.365,321.976,119.178,202.79799999999997,286.57500000000005
2025-07-23,2025-07-26,2.17541411028015,0.288261348391324,2.17541411028015,0.288261348391324,1.91336413358871,0.278589263818582,2.078,1.104,1.91336413358871,0.278589263818582,2.226,3.25,-1.0240000000000145,0.9739999999999855,2.226,6.292,-4.065999999999986,0.9739999999999998,2.82,10.417,-7.596999999999986,0.9739999999999998,33.845,12.876,20.968999999999973,29.540000000000013,85.652,36.178,49.474000000000004,72.34500000000001,105.24700000000001,67.699,37.547999999999995,86.622,139.68699999999998,94.262,45.42499999999999,112.999,324.054,118.094,205.96,287.54900000000004
2025-07-24,2025-07-27,3.32446863447738,0.32399032041129,3.32446863447738,0.32399032041129,1.77541532923925,0.273175593859654,0.0,0.438,1.77541532923925,0.273175593859654,2.078,1.542,0.5359999999999856,0.9739999999999855,2.226,3.688,-1.461999999999986,0.9739999999999998,2.226,9.001000000000001,-6.774999999999985,0.9739999999999998,27.313,12.293000000000001,15.019999999999973,24.029000000000014,85.504,32.189,53.315,72.34500000000001,105.24700000000001,63.429,41.818,86.622,136.124,93.95,42.173999999999985,110.18599999999999,309.655,116.296,193.35899999999998,275.386
2025-07-25,2025-07-28,3.77215792986877,0.335859719200107,3.77215792986877,0.335859719200107,1.83482692070443,0.275537020274727,5.196,1.562,1.83482692070443,0.275537020274727,5.196,2.0,3.1959999999999855,3.6339999999999852,7.273999999999999,3.104,4.170000000000013,4.607999999999999,7.422,8.292,-0.8699999999999859,4.607999999999999,8.016,12.417,-4.401000000000027,4.608000000000013,81.496,29.324,52.172,71.20200000000001,110.44300000000001,60.345,50.098,90.256,141.32000000000002,95.22,46.09999999999999,113.82,251.911,115.573,136.338,218.36499999999998
2025-07-26,2025-07-29,3.03674771180372,0.31584710671779,3.77215792986877,0.335859719200107,2.17541411028015,0.288261348391324,5.047,1.236,2.17541411028015,0.288261348391324,10.242999999999999,2.798,7.444999999999986,7.444999999999985,10.242999999999999,3.2359999999999998,7.007000000000014,7.444999999999999,12.469,6.486,5.983000000000013,8.418999999999999,12.469,11.799000000000001,0.6699999999999728,8.419000000000013,44.088,26.133000000000003,17.955,36.985000000000014,115.49000000000001,57.392999999999994,58.096999999999994,94.067,118.90499999999999,92.081,26.823999999999987,94.544,256.81,114.476,142.33399999999997,222.17600000000002
2025-07-27,2025-07-30,4.15628854272986,0.345386266726085,4.15628854272986,0.345386266726085,3.32446863447738,0.32399032041129,11.43,0.909,3.32446863447738,0.32399032041129,16.476999999999997,2.145,14.331999999999987,14.331999999999985,21.673,3.707,17.96600000000001,17.965999999999998,23.750999999999998,5.2490000000000006,18.502000000000013,18.939999999999998,23.899,10.437,13.461999999999971,18.940000000000012,55.518,26.146,29.371999999999996,47.506000000000014,126.92000000000002,54.031,72.889,104.588,129.147,86.115,43.03199999999998,105.065,268.24,111.28099999999999,156.95899999999997,232.69699999999997
2025-07-28,2025-07-31,4.68207406587742,0.357605332481463,4.68207406587742,0.357605332481463,3.77215792986877,0.335859719200107,9.204,0.583,3.77215792986877,0.335859719200107,20.634,1.492,19.141999999999985,19.141999999999985,25.680999999999997,2.7279999999999998,22.953000000000017,22.953,30.877000000000002,4.728,26.14900000000001,26.586999999999996,33.103,7.978,25.12499999999997,27.561000000000014,64.722,24.271,40.45099999999999,56.12700000000001,136.12400000000002,49.76,86.36399999999999,113.209,136.124,84.948,51.17599999999998,113.209,277.444,107.55199999999999,169.89199999999997,241.318
2025-07-29,2025-08-01,3.56377110432497,0.330446451661089,4.68207406587742,0.357605332481463,3.03674771180372,0.31584710671779,0.148,2.167,3.03674771180372,0.31584710671779,9.351999999999999,2.75,6.601999999999986,8.620999999999986,20.782,3.659,17.123000000000015,19.142,31.025000000000002,6.457,24.568000000000012,26.586999999999996,33.103,7.999,25.10399999999997,27.561000000000014,64.87,23.209,41.660999999999994,56.12700000000001,117.56800000000001,47.49999999999999,70.068,98.932,136.272,85.261,51.01099999999999,113.209,277.592,107.011,170.581,241.31799999999998
2025-07-30,2025-08-02,3.08364176762891,0.317204984420806,4.68207406587742,0.357605332481463,4.15628854272986,0.345386266726085,28.947,1.75,4.15628854272986,0.345386266726085,29.095,3.917,25.177999999999983,27.196999999999985,38.299,4.5,33.799000000000014,35.818,54.775999999999996,6.645,48.131000000000014,50.15,59.972,8.645,51.32699999999997,53.784000000000006,93.817,21.521,72.29599999999999,83.32400000000001,145.62400000000002,44.82299999999999,100.80099999999999,126.12899999999999,165.219,83.844,81.37499999999999,140.406,306.39099999999996,107.907,198.48399999999998,268.515
2025-07-31,2025-08-03,3.24854549422467,0.321883968592153,3.56377110432497,0.330446451661089,4.68207406587742,0.357605332481463,14.548,1.334,4.68207406587742,0.357605332481463,43.495,3.084,40.41099999999999,40.41099999999999,43.643,5.2509999999999994,38.39200000000002,40.411,64.277,6.743,57.53400000000001,59.553,74.52,9.540999999999999,64.97899999999997,66.998,101.833,21.834,79.999,91.02700000000002,160.02400000000003,41.73,118.294,139.343,179.767,82.032,97.73499999999999,153.62,317.228,107.116,210.112,280.143
2025-08-01,2025-08-04,3.06472184594848,0.316658635004249,3.24854549422467,0.321883968592153,3.56377110432497,0.330446451661089,0.891,0.917,3.56377110432497,0.330446451661089,15.438999999999997,2.2510000000000003,13.187999999999986,13.213999999999986,44.385999999999996,4.001,40.38500000000001,40.411,53.738,6.7509999999999994,46.987000000000016,49.032,70.215,8.895999999999999,61.318999999999974,63.36400000000001,78.23100000000001,21.313,56.91799999999999,67.97200000000001,151.711,38.22,113.49099999999999,134.56599999999997,180.658,78.595,102.06299999999999,153.62,229.64600000000002,106.366,123.27999999999999,193.337
2025-08-02,2025-08-05,2.93947501248716,0.312989782438255,3.24854549422467,0.321883968592153,3.08364176762891,0.317204984420806,4.899,0.833,3.08364176762891,0.317204984420806,5.7899999999999965,1.75,4.039999999999986,4.065999999999986,20.338,3.084,17.25400000000002,17.280000000000005,49.433,7.0009999999999994,42.43200000000001,44.477000000000004,70.06700000000001,8.493,61.57399999999997,63.61900000000001,82.536,20.292,62.24399999999999,72.03800000000001,114.15500000000002,34.626,79.529,100.60399999999998,185.557,74.72,110.83699999999997,157.686,219.997,105.991,114.00599999999999,184.06300000000002
2025-08-03,2025-08-06,2.67146924651095,0.304811022584003,3.06472184594848,0.316658635004249,3.24854549422467,0.321883968592153,12.024,3.188,3.24854549422467,0.321883968592153,16.922999999999995,4.021,12.901999999999983,12.901999999999983,17.814,4.938000000000001,12.876000000000017,12.902000000000003,61.309,8.022,53.287000000000006,53.313,70.661,10.771999999999998,59.88899999999997,61.93400000000001,94.56,21.209,73.351,80.87400000000001,126.179,36.918,89.261,109.44,197.581,73.262,124.31899999999999,166.522,228.458,108.429,120.02899999999998,190.08599999999998
2025-08-04,2025-08-07,2.35581963362403,0.294519360257851,2.93947501248716,0.312989782438255,3.06472184594848,0.316658635004249,6.532,2.583,3.06472184594848,0.316658635004249,18.555999999999997,5.771000000000001,12.784999999999984,12.784999999999984,23.455,6.604000000000001,16.851000000000017,16.851000000000003,38.89399999999999,8.855,30.039000000000016,30.064999999999998,67.989,12.771999999999998,55.21699999999998,57.262000000000015,101.092,20.75,80.34199999999998,84.82300000000001,132.711,37.043,95.66799999999999,113.389,204.113,71.657,132.456,170.471,234.98999999999998,110.72,124.26999999999998,194.035
2025-08-05,2025-08-08,2.11600136704719,0.286132529063133,2.67146924651095,0.304811022584003,2.93947501248716,0.312989782438255,4.899,2.0,2.93947501248716,0.312989782438255,11.430999999999997,4.583,6.847999999999986,6.847999999999986,23.455,7.771000000000001,15.684000000000019,15.684000000000005,29.245,9.521,19.724000000000014,19.75,72.74,12.605,60.13499999999998,60.161000000000016,105.843,20.604,85.23899999999999,87.72200000000001,137.61,35.814,101.79599999999999,116.28800000000001,209.012,69.386,139.62599999999998,173.37,212.427,108.345,104.082,173.847
2025-08-06,2025-08-09,1.89874916011718,0.278027044465864,2.35581963362403,0.294519360257851,2.67146924651095,0.304811022584003,0.148,7.688,2.67146924651095,0.304811022584003,5.046999999999998,9.688,-4.641000000000014,2.898999999999986,11.578999999999999,12.270999999999999,-0.6919999999999806,6.848000000000005,28.502,16.292,12.210000000000015,19.75,43.941,18.543,25.39799999999997,32.96400000000001,103.913,27.188,76.725,86.74800000000002,137.758,40.06399999999999,97.694,116.28800000000001,209.16,72.22,136.93999999999997,173.37,211.38699999999997,109.158,102.22899999999998,173.847
2025-08-07,2025-08-10,1.71138198642076,0.270576752269961,2.11600136704719,0.286132529063133,2.35581963362403,0.294519360257851,0.0,2.312,2.35581963362403,0.294519360257851,0.14799999999999822,10.0,-9.852000000000015,0.0,5.046999999999998,11.999999999999998,-6.95299999999998,2.8990000000000054,23.602999999999998,17.771,5.832000000000013,15.683999999999997,29.393000000000004,19.521,9.871999999999971,19.75000000000001,103.913,29.062,74.85099999999998,86.74800000000002,131.226,41.355000000000004,89.87100000000001,110.777,190.456,70.105,120.35099999999998,159.09300000000002,209.15999999999997,109.72,99.43999999999998,173.37
2025-08-08,2025-08-11,1.5650574709814,0.264410508043508,1.89874916011718,0.278027044465864,2.11600136704719,0.286132529063133,0.0,2.322,2.11600136704719,0.286132529063133,0.0,4.634,-4.6340000000000146,0.0,0.14799999999999822,12.322,-12.17399999999998,0.0,11.579,16.905,-5.325999999999986,6.848,28.502000000000002,20.926,7.57599999999997,19.750000000000007,98.717,29.822,68.895,83.11400000000002,106.733,42.239,64.494,87.72200000000001,189.565,68.0,121.56499999999998,159.09300000000002,209.15999999999997,110.188,98.97199999999998,173.37
2025-08-09,2025-08-12,1.84789342669767,0.276050195072114,1.84789342669767,0.276050195072114,1.89874916011718,0.278027044465864,0.0,2.333,1.89874916011718,0.278027044465864,0.0,4.655000000000001,-4.6550000000000145,0.0,0.0,6.9670000000000005,-6.966999999999981,0.0,5.047,16.655,-11.607999999999986,2.899,23.603,22.426000000000002,1.1769999999999707,15.684000000000008,93.67,30.918999999999997,62.751,79.30300000000001,106.13900000000001,42.718,63.421,87.72200000000001,189.417,65.906,123.51099999999998,159.09300000000002,209.15999999999997,109.354,99.80599999999998,173.37
2025-08-10,2025-08-13,1.72160717967725,0.270995618067232,1.84789342669767,0.276050195072114,1.71138198642076,0.270576752269961,0.0,2.344,1.71138198642076,0.270576752269961,0.0,4.677000000000001,-4.677000000000014,0.0,0.0,6.9990000000000006,-6.998999999999981,0.0,0.148,16.999,-16.850999999999985,0.0,11.579000000000004,21.582,-10.003000000000027,6.8480000000000105,82.24,32.354,49.885999999999996,68.78200000000001,106.13900000000001,42.791,63.348,87.72200000000001,180.213,63.823,116.38999999999999,154.316,209.15999999999997,108.55199999999999,100.60799999999999,173.37
2025-08-11,2025-08-14,1.5676302820206,0.264521851292383,1.84789342669767,0.276050195072114,1.5650574709814,0.264410508043508,0.0,2.354,1.5650574709814,0.264410508043508,0.0,4.698,-4.698000000000015,0.0,0.0,7.031,-7.03099999999998,0.0,0.0,11.665000000000001,-11.664999999999985,0.0,5.047000000000003,21.353,-16.306000000000026,2.8990000000000107,73.036,34.125,38.910999999999994,60.161000000000016,106.13900000000001,42.103,64.036,87.72200000000001,137.75799999999998,61.75,76.00799999999998,116.28800000000001,209.15999999999997,106.55199999999999,102.60799999999999,173.37
2025-08-12,2025-08-15,1.45436649605457,0.259512072408725,1.72160717967725,0.270995618067232,1.84789342669767,0.276050195072114,7.868,0.688,1.84789342669767,0.276050195072114,7.8679999999999986,3.0420000000000007,4.825999999999986,7.179999999999986,7.8679999999999986,5.386,2.4820000000000197,7.180000000000006,7.868,10.041,-2.172999999999986,7.180000000000001,8.016000000000004,20.041,-12.025000000000027,7.180000000000011,80.75599999999999,32.646,48.10999999999999,67.34100000000002,113.85900000000001,40.644999999999996,73.214,94.902,145.62599999999998,61.542,84.08399999999997,123.468,217.028,102.532,114.49599999999998,180.55
2025-08-13,2025-08-16,1.3265937905518,0.253570871439687,1.5676302820206,0.264521851292383,1.72160717967725,0.270995618067232,0.0,1.636,1.72160717967725,0.270995618067232,7.8679999999999986,2.3240000000000007,5.543999999999986,7.179999999999986,7.8679999999999986,4.678,3.19000000000002,7.180000000000006,7.868,9.355,-1.4869999999999852,7.180000000000001,7.868000000000004,13.989,-6.121000000000026,7.180000000000011,51.809000000000005,32.532,19.276999999999997,40.14400000000001,111.781,41.177,70.604,93.928,145.62599999999998,60.720000000000006,84.90599999999999,123.46799999999999,217.028,99.522,117.50599999999999,180.55
2025-08-14,2025-08-17,1.21932423394217,0.248311915927084,1.45436649605457,0.259512072408725,1.5676302820206,0.264521851292383,0.0,2.583,1.5676302820206,0.264521851292383,0.0,4.219000000000001,-4.2190000000000145,0.0,7.8679999999999986,4.907,2.96100000000002,7.180000000000006,7.868,9.605,-1.7369999999999852,7.180000000000001,7.868000000000004,14.260000000000002,-6.392000000000026,7.180000000000011,37.261,33.781,3.479999999999996,26.930000000000014,111.781,43.321999999999996,68.459,93.928,145.62599999999998,60.074,85.55199999999999,123.46799999999999,217.028,97.917,119.11099999999999,180.55
2025-08-15,2025-08-18,1.13161485460736,0.243801628688837,1.3265937905518,0.253570871439687,1.45436649605457,0.259512072408725,0.0,2.375,1.45436649605457,0.259512072408725,0.0,4.958000000000001,-4.958000000000014,0.0,0.0,6.594,-6.593999999999981,0.0,7.868,9.636,-1.7679999999999854,7.180000000000001,7.868000000000004,14.312999999999999,-6.445000000000027,7.180000000000011,36.370000000000005,35.239,1.1309999999999958,26.930000000000014,106.58500000000001,44.135,62.45,90.294,145.62599999999998,59.011,86.61499999999998,123.46799999999999,217.028,96.021,121.00699999999999,180.55
2025-08-16,2025-08-19,1.17750430490879,0.24618657558674,1.21932423394217,0.248311915927084,1.3265937905518,0.253570871439687,0.0,3.125,1.3265937905518,0.253570871439687,0.0,5.500000000000001,-5.500000000000014,0.0,0.0,8.083,-8.08299999999998,0.0,7.868,10.407,-2.5389999999999855,7.180000000000001,7.868000000000004,15.105,-7.237000000000027,7.180000000000011,31.470999999999997,37.531,-6.060000000000004,22.86400000000001,101.53800000000001,46.024,55.514,86.483,139.094,61.115,77.97899999999998,117.957,217.028,94.292,122.73599999999999,180.55
2025-08-17,2025-08-20,1.19627024291099,0.247145793225512,1.19627024291099,0.247145793225512,1.21932423394217,0.248311915927084,0.0,3.688,1.21932423394217,0.248311915927084,0.0,6.813000000000001,-6.813000000000015,0.0,0.0,9.188,-9.187999999999981,0.0,0.0,13.407,-13.406999999999988,0.0,7.868000000000004,16.449,-8.581000000000028,7.180000000000011,19.447,38.031,-18.584000000000003,14.028000000000015,90.108,48.803000000000004,41.305,75.962,114.601,63.365,51.235999999999976,94.902,198.324,93.55300000000001,104.77099999999999,166.27300000000002
2025-08-18,2025-08-21,2.80909216384209,0.309069415937494,2.80909216384209,0.309069415937494,1.13161485460736,0.243801628688837,0.0,3.292,1.13161485460736,0.243801628688837,0.0,6.98,-6.980000000000015,0.0,0.0,10.105,-10.10499999999998,0.0,0.0,15.063,-15.062999999999986,0.0,7.868000000000004,17.387,-9.519000000000027,7.180000000000011,12.915,38.74,-25.825,10.079000000000015,80.90400000000001,51.512,29.391999999999996,67.341,114.00699999999999,64.803,49.20399999999998,94.902,197.433,92.41799999999999,105.01499999999999,166.27300000000002
2025-08-19,2025-08-22,2.52253583276708,0.300051601933808,2.80909216384209,0.309069415937494,1.17750430490879,0.24618657558674,6.086,2.906,1.17750430490879,0.24618657558674,6.0859999999999985,6.198,-0.11200000000001387,3.179999999999986,6.0859999999999985,9.886,-3.7999999999999803,3.1800000000000055,6.086,15.386,-9.299999999999986,3.18,6.086000000000004,19.604999999999997,-13.519000000000025,3.180000000000011,14.102,39.646,-25.544,10.360000000000015,86.842,52.251000000000005,34.591,70.521,120.09299999999999,65.438,54.65499999999998,98.08200000000001,203.37099999999998,90.897,112.47399999999999,169.453
2025-08-20,2025-08-23,2.2347831739972,0.29035403502439,2.80909216384209,0.309069415937494,1.19627024291099,0.247145793225512,0.0,2.906,1.19627024291099,0.247145793225512,6.0859999999999985,5.812,0.2739999999999858,3.179999999999986,6.0859999999999985,9.104,-3.0179999999999803,3.1800000000000055,6.086,15.917,-9.830999999999985,3.18,6.086000000000004,20.875,-14.789000000000028,3.180000000000011,13.954,34.864,-20.910000000000004,10.360000000000015,57.89500000000002,53.407000000000004,4.4879999999999995,43.324,120.09299999999999,65.30199999999999,54.79099999999998,98.08200000000001,194.167,89.376,104.79099999999998,164.676
2025-08-21,2025-08-24,1.95409197821516,0.280142545122429,2.52253583276708,0.300051601933808,2.80909216384209,0.309069415937494,30.579,2.906,2.80909216384209,0.309069415937494,30.579,5.812,24.76699999999999,27.672999999999988,36.665,8.718,27.94700000000002,30.85300000000001,36.665,15.698,20.967000000000017,30.853,36.665000000000006,21.198,15.466999999999974,30.853000000000012,44.533,35.458000000000006,9.075,38.033000000000015,73.92600000000002,54.979,18.947000000000003,57.783,150.524,66.062,84.46199999999997,125.75500000000001,182.291,87.855,94.43599999999998,154.321
2025-08-22,2025-08-25,1.75839085014477,0.272490206599924,2.2347831739972,0.29035403502439,2.52253583276708,0.300051601933808,0.0,2.906,2.52253583276708,0.300051601933808,30.579,5.812,24.76699999999999,27.672999999999988,30.579,8.718,21.861000000000022,27.67300000000001,36.665,14.916,21.749000000000017,30.853,36.665000000000006,21.729000000000003,14.935999999999973,30.853000000000012,44.533,36.042,8.490999999999998,38.033000000000015,73.03500000000001,56.967999999999996,16.067000000000004,57.783,148.446,67.864,80.58199999999998,124.781,182.291,89.86500000000001,92.42599999999997,154.321
2025-08-23,2025-08-26,1.56344394595713,0.264340623661707,1.95409197821516,0.280142545122429,2.2347831739972,0.29035403502439,0.0,3.604,2.2347831739972,0.29035403502439,0.0,6.510000000000002,-6.510000000000014,0.0,30.579,9.416,21.163000000000018,27.67300000000001,36.665,15.228,21.437000000000015,30.853,36.665000000000006,22.208000000000002,14.456999999999976,30.853000000000012,44.533,37.313,7.219999999999999,38.033000000000015,68.13600000000001,59.739,8.397000000000004,53.717,148.446,71.03,77.41599999999998,124.781,182.291,91.01100000000001,91.27999999999999,154.321
2025-08-24,2025-08-27,1.37998212142406,0.256093349946476,1.75839085014477,0.272490206599924,1.95409197821516,0.280142545122429,0.0,3.542,1.95409197821516,0.280142545122429,0.0,7.146000000000001,-7.146000000000014,0.0,0.0,10.052,-10.051999999999982,0.0,30.579,15.863999999999999,14.715000000000018,27.673000000000002,36.665000000000006,22.061999999999998,14.602999999999975,30.853000000000012,44.533,38.511,6.0219999999999985,38.033000000000015,56.112000000000016,60.092999999999996,-3.980999999999995,44.881,143.25,73.00999999999999,70.23999999999998,121.147,182.291,91.324,90.96699999999998,154.321
2025-08-25,2025-08-28,1.19501755435466,0.247082044686204,1.56344394595713,0.264340623661707,1.75839085014477,0.272490206599924,0.0,3.521,1.75839085014477,0.272490206599924,0.0,7.063000000000001,-7.063000000000014,0.0,0.0,10.667,-10.666999999999982,0.0,30.579,16.479,14.100000000000016,27.673000000000002,36.665000000000006,22.291,14.373999999999974,30.853000000000012,44.533,39.678000000000004,4.854999999999997,38.033000000000015,49.58000000000001,61.031,-11.450999999999993,40.932,138.203,75.29499999999999,62.90799999999999,117.33600000000001,182.291,91.40700000000001,90.88399999999999,154.321
2025-08-26,2025-08-29,1.0288316491905,0.238240541823035,1.37998212142406,0.256093349946476,1.56344394595713,0.264340623661707,0.0,2.688,1.56344394595713,0.264340623661707,0.0,6.209000000000001,-6.209000000000014,0.0,0.0,9.751000000000001,-9.750999999999983,0.0,0.0,16.261,-16.260999999999985,0.0,30.579000000000008,22.073,8.505999999999975,27.673000000000012,36.665,41.678,-5.013000000000003,30.853000000000016,44.68100000000002,61.719,-17.037999999999997,38.033,126.773,77.074,49.698999999999984,106.81500000000001,175.759,93.07400000000001,82.68499999999999,148.81
2025-08-27,2025-08-30,1.00925572460193,0.237144060514623,1.19501755435466,0.247082044686204,1.37998212142406,0.256093349946476,0.0,2.639,1.37998212142406,0.256093349946476,0.0,5.327000000000001,-5.327000000000014,0.0,0.0,8.848,-8.847999999999983,0.0,0.0,15.994,-15.993999999999986,0.0,30.579000000000008,21.806,8.772999999999975,27.673000000000012,36.665,42.681000000000004,-6.016000000000002,30.853000000000016,44.533000000000015,56.67,-12.136999999999993,38.033,117.569,79.13000000000001,38.43899999999998,98.194,151.266,94.275,56.990999999999985,125.75500000000001
2025-08-28,2025-08-31,1.13659285783778,0.244063116850993,1.13659285783778,0.244063116850993,1.19501755435466,0.247082044686204,0.0,3.569,1.19501755435466,0.247082044686204,0.0,6.208,-6.208000000000014,0.0,0.0,8.895999999999999,-8.895999999999981,0.0,0.0,15.959,-15.958999999999985,0.0,0.0,22.469,-22.469000000000026,0.0,36.665,43.666999999999994,-7.0020000000000024,30.853000000000016,44.533000000000015,57.927,-13.393999999999995,38.033,117.42099999999999,80.532,36.88899999999998,98.194,150.672,95.99000000000001,54.68199999999998,125.75500000000001
2025-08-29,2025-09-01,2.56085519549109,0.301291929320665,2.56085519549109,0.301291929320665,1.0288316491905,0.238240541823035,0.0,3.417,1.0288316491905,0.238240541823035,0.0,6.986000000000001,-6.986000000000014,0.0,0.0,9.625,-9.624999999999982,0.0,0.0,15.834,-15.833999999999985,0.0,0.0,22.979999999999997,-22.98000000000003,0.0,36.665,44.708999999999996,-8.044000000000002,30.853000000000016,44.533000000000015,59.022000000000006,-14.488999999999994,38.033,88.474,82.199,6.274999999999984,70.99700000000001,150.672,97.136,53.53599999999998,125.75500000000001
2025-08-30,2025-09-02,3.07991241950927,0.317097451748946,3.07991241950927,0.317097451748946,1.00925572460193,0.237144060514623,0.0,3.5,1.00925572460193,0.237144060514623,0.0,6.917000000000001,-6.917000000000014,0.0,0.0,10.486,-10.485999999999983,0.0,0.0,15.812999999999999,-15.812999999999985,0.0,0.0,22.875999999999998,-22.876000000000026,0.0,36.665,45.083999999999996,-8.419000000000002,30.853000000000016,44.533000000000015,60.189,-15.655999999999993,38.033,73.926,84.365,-10.439000000000016,57.783,150.672,97.594,53.07799999999998,125.75500000000001
2025-08-31,2025-09-03,2.7428564417455,0.307035930244643,3.07991241950927,0.317097451748946,1.13659285783778,0.244063116850993,0.0,2.396,1.13659285783778,0.244063116850993,0.0,5.896000000000001,-5.896000000000014,0.0,0.0,9.312999999999999,-9.312999999999981,0.0,0.0,15.521,-15.520999999999987,0.0,0.0,21.73,-21.730000000000025,0.0,36.665,43.792,-7.127000000000001,30.853000000000016,44.533000000000015,60.241,-15.707999999999995,38.033,73.035,85.844,-12.809000000000017,57.783,150.524,97.844,52.679999999999986,125.75500000000001
2025-09-01,2025-09-04,2.47573070764821,0.298521169804607,3.07991241950927,0.317097451748946,2.56085519549109,0.301291929320665,32.806,1.828,2.56085519549109,0.301291929320665,32.806,4.224000000000001,28.581999999999983,30.977999999999984,32.806,7.723999999999999,25.082000000000015,30.978000000000005,32.806,14.709999999999999,18.09600000000001,30.977999999999998,32.806000000000004,20.037,12.768999999999973,30.97800000000001,69.471,42.328,27.142999999999997,61.83100000000002,77.33900000000001,59.714999999999996,17.624000000000002,69.011,100.942,86.839,14.10299999999998,84.695,181.252,98.568,82.68399999999998,155.75900000000001
2025-09-02,2025-09-05,2.23350074786216,0.290309185883663,2.7428564417455,0.307035930244643,3.07991241950927,0.317097451748946,2.078,1.26,3.07991241950927,0.317097451748946,34.884,3.088000000000001,31.795999999999985,31.795999999999985,34.884,5.484,29.40000000000002,31.796000000000006,34.884,12.401,22.483000000000015,31.796,34.88400000000001,18.608999999999998,16.274999999999974,31.79600000000001,65.463,40.682,24.781,59.469000000000015,71.54900000000002,60.287,11.262000000000002,62.649,90.99600000000001,84.911,6.084999999999981,76.677,183.32999999999998,99.39,83.93999999999998,156.577
2025-09-03,2025-09-06,2.45592457197629,0.297868322732409,2.47573070764821,0.298521169804607,2.7428564417455,0.307035930244643,0.0,0.693,2.7428564417455,0.307035930244643,2.078,1.9530000000000007,0.12499999999998568,0.8179999999999856,34.884,3.781,31.10300000000002,31.796000000000006,34.884,9.677,25.207000000000015,31.796,34.88400000000001,16.663,18.22099999999997,31.79600000000001,65.463,38.469,26.993999999999996,59.469000000000015,71.54900000000002,59.344,12.205000000000002,62.649,84.464,83.021,1.4429999999999819,72.72800000000001,178.134,98.521,79.61299999999999,152.943
2025-09-04,2025-09-07,2.24572011938176,0.290735897157719,2.45592457197629,0.297868322732409,2.47573070764821,0.298521169804607,11.727,0.125,2.47573070764821,0.298521169804607,11.727,0.8180000000000008,10.908999999999986,11.601999999999986,13.805,2.078,11.727000000000022,12.420000000000007,46.611,6.3020000000000005,40.30900000000001,43.397999999999996,46.611000000000004,13.219,33.391999999999975,43.39800000000001,46.611,35.687999999999995,10.922999999999995,43.39800000000001,83.27600000000001,56.886,26.390000000000004,74.251,91.292,81.146,10.145999999999983,81.431,184.814,97.41,87.40399999999998,160.734
2025-09-05,2025-09-08,1.99313175121237,0.281613316782768,2.45592457197629,0.297868322732409,2.23350074786216,0.290309185883663,0.0,0.282,2.23350074786216,0.290309185883663,11.727,0.40700000000000086,11.319999999999986,11.601999999999986,11.727,1.0999999999999999,10.627000000000022,11.602000000000007,46.611,4.188,42.423000000000016,43.397999999999996,46.611000000000004,10.084,36.52699999999998,43.39800000000001,46.611,33.064,13.546999999999995,43.39800000000001,83.27600000000001,54.793,28.483000000000004,74.251,91.144,73.74,17.403999999999982,81.431,173.384,96.783,76.60099999999998,150.213
2025-09-06,2025-09-09,2.57655328282977,0.301796831387529,2.57655328282977,0.301796831387529,2.45592457197629,0.297868322732409,8.164,0.438,2.45592457197629,0.297868322732409,8.164,0.7200000000000009,7.443999999999986,7.725999999999986,19.891,0.845,19.04600000000002,19.328000000000007,21.969,2.7979999999999996,19.171000000000014,20.146,54.775000000000006,7.021999999999999,47.75299999999998,51.12400000000001,54.775,29.898,24.876999999999995,51.12400000000001,91.44000000000001,52.106,39.334,81.977,99.30799999999999,71.866,27.441999999999982,89.157,172.344,96.638,75.70599999999999,149.318
2025-09-07,2025-09-10,2.41679004322826,0.296569026370421,2.57655328282977,0.301796831387529,2.24572011938176,0.290735897157719,0.0,1.656,2.24572011938176,0.290735897157719,8.164,2.0940000000000007,6.069999999999986,7.725999999999986,8.164,2.376,5.788000000000022,7.726000000000007,19.891,3.194,16.697000000000013,19.328,54.775000000000006,6.282,48.49299999999997,51.12400000000001,54.775,28.012,26.762999999999995,51.12400000000001,91.44000000000001,50.074,41.36600000000001,81.977,99.30799999999999,71.19999999999999,28.107999999999983,89.157,172.196,96.12700000000001,76.06899999999999,149.318
2025-09-08,2025-09-11,2.14350336654469,0.287122352929201,2.57655328282977,0.301796831387529,1.99313175121237,0.281613316782768,2.078,2.875,1.99313175121237,0.281613316782768,2.078,4.531000000000001,-2.4530000000000145,0.0,10.241999999999999,4.968999999999999,5.273000000000021,7.726000000000007,21.969,5.3759999999999994,16.593000000000014,19.328,24.047000000000008,7.329000000000001,16.717999999999975,20.14600000000001,56.852999999999994,27.366,29.486999999999995,51.12400000000001,93.51800000000001,49.657,43.861000000000004,81.977,101.386,71.74199999999999,29.643999999999984,89.157,145.327,97.25200000000001,48.07499999999999,122.12100000000001
2025-09-09,2025-09-12,2.2485126672921,0.290833219721031,2.41679004322826,0.296569026370421,2.57655328282977,0.301796831387529,9.204,2.285,2.57655328282977,0.301796831387529,11.282,5.160000000000001,6.121999999999986,6.918999999999986,11.282,6.816000000000001,4.4660000000000215,6.919000000000008,19.445999999999998,7.536,11.910000000000014,14.645,31.17300000000001,8.354000000000001,22.818999999999974,26.24700000000001,66.057,26.962999999999997,39.093999999999994,58.04300000000001,96.63600000000002,49.036,47.6,85.716,110.59,71.683,38.90699999999998,96.07600000000001,139.98299999999998,98.203,41.77999999999999,115.826
2025-09-10,2025-09-13,2.30048963510802,0.292631579315562,2.30048963510802,0.292631579315562,2.41679004322826,0.296569026370421,17.22,1.694,2.41679004322826,0.296569026370421,26.424,3.979000000000001,22.444999999999986,22.444999999999986,28.502,6.853999999999999,21.64800000000002,22.445000000000007,36.666,8.948,27.718000000000014,30.171,48.39300000000001,9.355,39.037999999999975,41.77300000000001,83.27699999999999,26.017999999999997,57.25899999999999,73.56900000000002,113.85600000000002,47.824,66.032,101.24199999999999,127.81,71.023,56.78699999999998,111.602,156.31199999999998,98.98,57.33199999999998,131.352
2025-09-11,2025-09-14,2.23451394839828,0.290344620919499,2.30048963510802,0.292631579315562,2.14350336654469,0.287122352929201,0.0,1.104,2.14350336654469,0.287122352929201,17.22,2.798000000000001,14.421999999999986,15.525999999999986,26.424,5.083,21.341000000000022,22.445000000000007,28.501999999999995,9.613999999999999,18.888000000000016,22.445,36.66600000000001,10.334,26.331999999999972,30.171000000000014,83.27699999999999,23.553,59.724,73.56900000000002,83.27700000000002,46.022,37.254999999999995,73.56899999999999,119.94200000000001,71.43900000000001,48.50299999999998,104.422,151.41299999999998,99.251,52.161999999999985,127.286
2025-09-12,2025-09-15,2.03993913614197,0.283354115038192,2.30048963510802,0.292631579315562,2.2485126672921,0.290833219721031,8.461,1.583,2.2485126672921,0.290833219721031,8.461,2.687000000000001,5.773999999999986,6.877999999999986,25.680999999999997,4.381,21.300000000000022,22.404000000000007,36.962999999999994,9.541,27.422000000000015,29.323,45.12700000000001,11.635,33.491999999999976,37.049000000000014,91.738,21.719,70.01899999999999,80.44700000000002,91.73800000000001,44.699000000000005,47.039,80.447,128.403,71.38600000000001,57.01699999999998,111.3,147.85,97.646,50.20399999999998,125.328
2025-09-13,2025-09-16,1.68106237748779,0.269325837491999,2.23451394839828,0.290344620919499,2.30048963510802,0.292631579315562,17.516,0.208,2.30048963510802,0.292631579315562,25.976999999999997,1.7910000000000008,24.185999999999986,24.185999999999986,25.976999999999997,2.895,23.082000000000022,24.186000000000007,52.400999999999996,6.8740000000000006,45.527000000000015,46.631,54.479000000000006,11.405,43.07399999999997,46.631000000000014,109.25399999999999,18.427000000000003,90.827,97.75500000000001,109.254,41.303000000000004,67.95100000000001,97.755,145.91899999999998,69.01100000000001,76.90799999999999,128.608,158.834,95.271,63.56299999999999,138.687
2025-09-14,2025-09-17,1.7320170099671,0.27142051681551,2.03993913614197,0.283354115038192,2.23451394839828,0.290344620919499,9.797,2.062,2.23451394839828,0.290344620919499,27.313,2.2700000000000005,25.042999999999985,25.042999999999985,35.774,3.8529999999999998,31.92100000000002,31.921000000000006,52.994,6.651,46.34300000000002,47.446999999999996,64.27600000000001,11.811,52.464999999999975,54.366000000000014,119.05099999999999,18.093,100.958,105.49000000000001,119.051,39.823,79.22800000000001,105.49,155.716,68.69800000000001,87.01799999999999,136.343,163.732,95.333,68.39899999999999,143.523
2025-09-15,2025-09-18,2.02022380012203,0.282623840830875,2.02022380012203,0.282623840830875,2.03993913614197,0.283354115038192,0.0,0.0,2.03993913614197,0.283354115038192,9.797,2.0620000000000007,7.734999999999987,7.734999999999987,27.313,2.2699999999999996,25.04300000000002,25.043000000000006,35.774,4.956999999999999,30.817000000000014,31.921,62.19800000000001,8.936,53.26199999999998,54.366000000000014,86.24499999999999,16.265,69.97999999999999,74.51200000000001,119.051,36.302,82.74900000000001,105.49,155.716,65.57300000000001,90.14299999999999,136.343,163.584,87.645,75.939,143.523
2025-09-16,2025-09-19,2.56952890583797,0.30157113317069,2.56952890583797,0.30157113317069,1.68106237748779,0.269325837491999,0.0,2.167,1.68106237748779,0.269325837491999,0.0,2.1670000000000007,-2.167000000000014,0.0,9.797,4.228999999999999,5.568000000000023,7.735000000000008,35.774,6.02,29.754000000000016,31.921,52.994,8.818,44.17599999999997,47.44700000000002,84.16699999999999,17.172,66.99499999999999,73.69400000000002,119.051,35.781,83.27000000000001,105.49,155.716,64.05199999999999,91.66399999999999,136.343,163.584,87.5,76.08399999999999,143.523
2025-09-17,2025-09-20,2.24117571541411,0.290577365636571,2.56952890583797,0.30157113317069,1.7320170099671,0.27142051681551,5.641,1.458,1.7320170099671,0.27142051681551,5.641,3.625000000000001,2.015999999999986,4.182999999999986,5.641,3.625,2.0160000000000213,4.183000000000007,32.954,5.895,27.059000000000015,29.226,41.415000000000006,8.581999999999999,32.83299999999998,36.10400000000001,89.80799999999999,17.937,71.87100000000001,77.87700000000002,124.69200000000001,34.6,90.09200000000001,109.673,161.357,62.218,99.13899999999998,140.526,169.225,86.636,82.589,147.706
2025-09-18,2025-09-21,2.31716248100617,0.293203273972103,2.56952890583797,0.30157113317069,2.02022380012203,0.282623840830875,0.148,1.083,2.02022380012203,0.282623840830875,5.789,2.541000000000001,3.2479999999999856,4.182999999999986,5.789,4.708,1.0810000000000213,4.183000000000007,15.586,6.77,8.816000000000015,11.918000000000001,41.563,8.561,33.001999999999974,36.10400000000001,78.22899999999998,18.895000000000003,59.334,66.27500000000002,124.84,32.114,92.72600000000001,109.673,155.41899999999998,60.394999999999996,95.02399999999999,137.346,169.37300000000002,85.386,83.987,147.706
2025-09-19,2025-09-22,2.00670494141783,0.282120615304437,2.31716248100617,0.293203273972103,2.56952890583797,0.30157113317069,0.0,0.708,2.56952890583797,0.30157113317069,0.148,1.7910000000000008,-1.643000000000014,0.0,5.789,3.2489999999999997,2.5400000000000214,4.183000000000007,5.789,5.4159999999999995,0.3730000000000143,4.183,33.102000000000004,7.686,25.415999999999976,29.226000000000013,78.22899999999998,19.321,58.908,66.27500000000002,124.84,29.405,95.43500000000002,109.673,155.41899999999998,58.196999999999996,97.222,137.346,169.37300000000002,83.75,85.62299999999999,147.706
2025-09-20,2025-09-23,1.88153292526624,0.277361416880076,2.31716248100617,0.293203273972103,2.24117571541411,0.290577365636571,1.188,1.026,2.24117571541411,0.290577365636571,1.188,1.7340000000000009,-0.5460000000000143,0.1619999999999857,1.3359999999999999,2.817,-1.4809999999999786,0.16200000000000703,6.977,6.442,0.5350000000000142,4.345,16.774000000000008,8.504,8.269999999999976,12.080000000000013,71.253,19.909,51.344,58.71100000000002,126.028,26.931,99.09700000000001,109.835,126.02799999999999,56.317,69.71099999999998,109.83500000000001,170.561,82.42200000000001,88.13899999999998,147.868
2025-09-21,2025-09-24,1.95459544046816,0.28016162407679,2.00670494141783,0.282120615304437,2.31716248100617,0.293203273972103,6.977,0.99,2.31716248100617,0.293203273972103,8.165000000000001,2.016000000000001,6.148999999999986,6.148999999999986,8.165000000000001,2.724,5.441000000000021,6.149000000000007,13.954,5.265,8.689000000000014,10.332,13.954000000000008,7.432,6.521999999999975,10.332000000000011,78.23,19.243,58.986999999999995,64.69800000000002,133.005,25.525,107.47999999999999,115.822,133.005,54.400999999999996,78.60399999999998,115.822,169.67,82.724,86.946,146.67499999999998
2025-09-22,2025-09-25,1.68718624356113,0.269579577907763,1.95459544046816,0.28016162407679,2.00670494141783,0.282120615304437,0.0,0.953,2.00670494141783,0.282120615304437,6.977,1.943000000000001,5.033999999999986,5.986999999999986,8.165,2.969,5.196000000000021,6.149000000000007,8.313,4.76,3.5530000000000146,6.149,13.954000000000008,8.385,5.568999999999975,10.332000000000011,76.152,17.321,58.830999999999996,64.69800000000002,100.19900000000001,24.650000000000002,75.549,84.84400000000001,133.005,51.75,81.25499999999998,115.822,169.67,82.041,87.62899999999999,146.67499999999998
2025-09-23,2025-09-26,1.46115271556339,0.259818695567156,1.95459544046816,0.28016162407679,1.88153292526624,0.277361416880076,3.86,0.917,1.88153292526624,0.277361416880076,3.86,1.870000000000001,1.9899999999999856,2.9429999999999854,10.837,2.86,7.977000000000022,8.930000000000007,12.025,4.594,7.431000000000014,9.091999999999999,17.814000000000007,7.135000000000001,10.678999999999975,13.27500000000001,70.80799999999999,15.953,54.855,60.722000000000016,101.98100000000001,24.307,77.674,86.96900000000001,136.86499999999998,49.125,87.73999999999998,118.765,173.52999999999997,80.375,93.15499999999999,149.618
2025-09-24,2025-09-27,1.2721224600334,0.250933632870284,1.68718624356113,0.269579577907763,1.95459544046816,0.28016162407679,3.563,0.521,1.95459544046816,0.28016162407679,7.423,1.438000000000001,5.984999999999985,5.984999999999985,7.423,2.391,5.032000000000021,5.9850000000000065,15.588000000000001,4.407,11.181000000000013,12.134,15.736000000000008,6.198,9.537999999999975,12.134000000000011,57.150999999999996,14.78,42.370999999999995,48.238000000000014,105.54400000000001,24.135,81.409,90.01100000000001,140.428,46.125,94.30299999999998,121.807,177.093,78.521,98.57199999999999,152.66
2025-09-25,2025-09-28,1.12282719316207,0.24333833418864,1.46115271556339,0.259818695567156,1.68718624356113,0.269579577907763,0.0,0.125,1.68718624356113,0.269579577907763,3.563,0.6460000000000009,2.916999999999986,3.041999999999986,7.423,1.5630000000000002,5.860000000000022,5.9850000000000065,14.4,3.5060000000000002,10.894000000000014,11.972000000000001,15.588000000000008,5.24,10.347999999999976,12.134000000000011,57.150999999999996,13.801,43.35,48.238000000000014,93.81700000000001,24.135,69.68200000000002,78.409,140.428,43.562,96.86599999999999,121.807,177.093,75.521,101.57199999999999,152.66
2025-09-26,2025-09-29,0.993267520273205,0.236239028801756,1.2721224600334,0.250933632870284,1.46115271556339,0.259818695567156,0.0,1.833,1.46115271556339,0.259818695567156,0.0,1.9580000000000009,-1.9580000000000142,0.0,3.563,2.479,1.0840000000000216,3.0420000000000074,7.423,4.349,3.074000000000015,5.984999999999999,15.588000000000008,6.365,9.222999999999976,12.134000000000011,48.69,14.051,34.639,41.360000000000014,93.81700000000001,25.686,68.13100000000001,78.409,140.428,42.756,97.67199999999998,121.807,177.093,73.666,103.42699999999999,152.66
2025-09-27,2025-09-30,0.924161185016349,0.232223129149889,1.12282719316207,0.24333833418864,1.2721224600334,0.250933632870284,0.0,1.917,1.2721224600334,0.250933632870284,0.0,3.750000000000001,-3.750000000000014,0.0,0.0,3.875,-3.8749999999999787,0.0,7.423,5.313,2.110000000000015,5.984999999999999,14.400000000000007,7.256,7.143999999999975,11.972000000000012,31.174,15.76,15.413999999999998,24.052000000000014,85.65300000000002,27.165,58.488,70.683,140.428,41.104,99.32399999999998,121.807,177.093,72.29100000000001,104.80199999999999,152.66
2025-09-28,2025-10-01,0.85588226695771,0.228074192693997,0.993267520273205,0.236239028801756,1.12282719316207,0.24333833418864,0.445,1.75,1.12282719316207,0.24333833418864,0.445,3.6670000000000007,-3.222000000000014,0.0,0.445,5.5,-5.054999999999978,0.0,4.008,6.146,-2.137999999999985,3.0420000000000003,7.868000000000007,8.016,-0.14800000000002478,5.98500000000001,21.822,15.448,6.373999999999997,16.317000000000014,86.09800000000001,27.259,58.839000000000006,70.683,140.873,39.437000000000005,101.43599999999998,121.807,171.452,71.135,100.31699999999998,149.48000000000002
2025-09-29,2025-10-02,0.785354556050189,0.223574408739748,0.924161185016349,0.232223129149889,0.993267520273205,0.236239028801756,0.445,0.667,0.993267520273205,0.236239028801756,0.89,2.4170000000000007,-1.5270000000000141,0.0,0.89,4.334,-3.4439999999999786,0.0,0.89,6.292,-5.401999999999986,0.0,8.313000000000008,7.73,0.5829999999999751,5.98500000000001,22.267,16.115000000000002,6.151999999999997,16.317000000000014,84.46500000000002,25.051000000000002,59.41400000000001,70.683,141.31799999999998,36.604,104.71399999999998,121.807,171.897,68.89599999999999,103.00099999999999,149.48000000000002
2025-09-30,2025-10-03,0.800762252194552,0.224577520632914,0.85588226695771,0.228074192693997,0.924161185016349,0.232223129149889,0.0,0.826,0.924161185016349,0.232223129149889,0.445,1.4930000000000008,-1.0480000000000143,0.0,0.89,3.243,-2.3529999999999784,0.0,0.89,6.993,-6.102999999999985,0.0,4.453000000000007,7.638999999999999,-3.186000000000024,3.042000000000011,22.267,14.774000000000001,7.492999999999996,16.317000000000014,75.26100000000001,23.592,51.669000000000004,63.764,141.31799999999998,35.034,106.28399999999998,121.807,141.31799999999998,66.816,74.50199999999998,121.807
2025-10-01,2025-10-04,0.852462673568564,0.227861263296444,0.852462673568564,0.227861263296444,0.85588226695771,0.228074192693997,0.0,1.59,0.85588226695771,0.228074192693997,0.0,2.4160000000000013,-2.4160000000000146,0.0,0.445,3.083,-2.6379999999999786,0.0,0.89,6.75,-5.859999999999985,0.0,0.8900000000000071,8.708,-7.8180000000000245,0.0,16.625999999999998,14.906,1.7199999999999966,12.134000000000015,58.04100000000001,23.488,34.553000000000004,48.238,108.512,34.796,73.716,90.82900000000001,141.31799999999998,65.5,75.818,121.807
2025-10-02,2025-10-05,0.70136325881762,0.217886856076611,0.852462673568564,0.227861263296444,0.785354556050189,0.223574408739748,0.0,1.021,0.785354556050189,0.223574408739748,0.0,2.6110000000000007,-2.611000000000014,0.0,0.0,3.4370000000000003,-3.436999999999979,0.0,0.89,5.854,-4.963999999999985,0.0,0.8900000000000071,9.604,-8.714000000000025,0.0,16.477999999999998,14.844,1.6339999999999968,12.134000000000015,58.04100000000001,23.404999999999998,34.636,48.238,106.434,34.557,71.877,90.011,141.31799999999998,62.916999999999994,78.401,121.807
2025-10-03,2025-10-06,0.611332647044276,0.211315947957361,0.852462673568564,0.227861263296444,0.800762252194552,0.224577520632914,1.781,0.667,0.800762252194552,0.224577520632914,1.781,1.688000000000001,0.09299999999998576,1.1139999999999857,1.781,3.278,-1.4969999999999788,1.114000000000007,2.226,4.771,-2.5449999999999857,1.1139999999999999,2.671000000000007,8.437999999999999,-5.767000000000024,1.1140000000000105,18.259,14.802999999999999,3.4559999999999964,13.248000000000014,51.36100000000001,22.489,28.872000000000003,42.474000000000004,108.21499999999999,34.531000000000006,73.68399999999998,91.125,143.099,60.042,83.05699999999999,122.92099999999999
2025-10-04,2025-10-07,0.530728094016231,0.204920086091784,0.70136325881762,0.217886856076611,0.852462673568564,0.227861263296444,0.297,0.864,0.852462673568564,0.227861263296444,2.078,1.531000000000001,0.5469999999999857,1.1139999999999857,2.078,2.5519999999999996,-0.47399999999997866,1.114000000000007,2.078,4.967999999999999,-2.8899999999999855,1.1139999999999999,2.968000000000007,7.385,-4.417000000000025,1.1140000000000105,17.368,14.641,2.7269999999999968,13.086000000000013,34.14200000000002,23.144999999999996,10.997000000000005,25.166,96.785,35.27,61.514999999999986,79.52300000000001,143.396,57.385,86.01099999999998,122.92099999999999
2025-10-05,2025-10-08,0.43830719121043,0.196821541415882,0.611332647044276,0.211315947957361,0.70136325881762,0.217886856076611,0.0,1.062,0.70136325881762,0.217886856076611,0.297,1.9260000000000013,-1.6290000000000142,0.0,2.078,2.593,-0.5149999999999788,1.114000000000007,2.078,5.204,-3.1259999999999857,1.1139999999999999,2.5230000000000072,6.696999999999999,-4.174000000000024,1.1140000000000105,10.391,14.713,-4.322000000000004,7.099000000000014,24.345000000000013,22.145,2.2000000000000037,17.430999999999997,96.785,36.05,60.73499999999998,79.52300000000001,143.396,55.759,87.63699999999999,122.92099999999999
2025-10-06,2025-10-09,0.368713706264443,0.190017574849571,0.530728094016231,0.204920086091784,0.611332647044276,0.211315947957361,0.0,1.208,0.611332647044276,0.211315947957361,0.0,2.2700000000000014,-2.2700000000000142,0.0,0.297,3.134,-2.8369999999999784,0.0,2.078,4.822,-2.7439999999999856,1.1139999999999999,2.078000000000007,7.2379999999999995,-5.160000000000024,1.1140000000000105,10.391,14.968,-4.5770000000000035,7.099000000000014,24.345000000000013,23.353,0.9920000000000038,17.430999999999997,88.621,36.82,51.80099999999998,71.79700000000001,143.396,54.327999999999996,89.068,122.92099999999999
2025-10-07,2025-10-10,0.30499620513582,0.183073651650104,0.43830719121043,0.196821541415882,0.530728094016231,0.204920086091784,0.0,1.562,0.530728094016231,0.204920086091784,0.0,2.7700000000000014,-2.7700000000000142,0.0,0.0,3.832,-3.8319999999999785,0.0,2.078,5.3629999999999995,-3.2849999999999855,1.1139999999999999,2.078000000000007,7.974,-5.896000000000025,1.1140000000000105,6.531000000000001,15.613,-9.082000000000004,4.156000000000015,24.345000000000013,22.747999999999998,1.5970000000000033,17.430999999999997,88.621,36.726,51.89499999999999,71.79700000000001,143.396,52.321,91.07499999999997,122.92099999999999
2025-10-08,2025-10-11,0.260861757908353,0.177735595184582,0.368713706264443,0.190017574849571,0.43830719121043,0.196821541415882,0.0,1.396,0.43830719121043,0.196821541415882,0.0,2.958000000000001,-2.9580000000000144,0.0,0.0,4.1659999999999995,-4.165999999999979,0.0,0.297,6.0920000000000005,-5.794999999999985,0.0,2.078000000000007,7.78,-5.702000000000024,1.1140000000000105,2.968,16.488,-13.520000000000003,1.114000000000014,18.704000000000015,22.686,-3.9819999999999967,13.248,86.54299999999999,35.247,51.295999999999985,71.79700000000001,143.396,50.3,93.09599999999998,122.92099999999999
2025-10-09,2025-10-12,0.21797351192384,0.171999821328885,0.30499620513582,0.183073651650104,0.368713706264443,0.190017574849571,0.0,1.167,0.368713706264443,0.190017574849571,0.0,2.5630000000000015,-2.563000000000014,0.0,0.0,4.125,-4.124999999999979,0.0,0.0,6.3950000000000005,-6.394999999999985,0.0,2.078000000000007,7.926,-5.848000000000024,1.1140000000000105,2.968,17.53,-14.562000000000003,1.114000000000014,18.55600000000001,22.770000000000003,-4.213999999999997,13.248,77.33899999999998,34.129000000000005,43.20999999999998,64.878,143.396,47.967,95.42899999999999,122.92099999999999
2025-10-10,2025-10-13,0.303276744942099,0.182874703549731,0.303276744942099,0.182874703549731,0.30499620513582,0.183073651650104,0.0,1.771,0.30499620513582,0.183073651650104,0.0,2.9380000000000015,-2.938000000000014,0.0,0.0,4.334,-4.333999999999978,0.0,0.0,7.104,-7.103999999999985,0.0,0.2970000000000073,9.03,-8.733000000000025,0.0,2.968,17.468,-14.500000000000004,1.114000000000014,18.55600000000001,23.833,-5.276999999999997,13.248,60.119,34.205999999999996,25.912999999999986,49.352000000000004,143.396,47.342,96.05399999999999,122.92099999999999
2025-10-11,2025-10-14,0.26218907912271,0.177903729499985,0.303276744942099,0.182874703549731,0.260861757908353,0.177735595184582,0.0,1.146,0.260861757908353,0.177735595184582,0.0,2.917000000000001,-2.917000000000014,0.0,0.0,4.084,-4.083999999999978,0.0,0.0,7.042,-7.041999999999985,0.0,0.0,9.312000000000001,-9.312000000000024,0.0,2.968,16.697,-13.729000000000003,1.114000000000014,17.368000000000013,23.953,-6.584999999999996,13.085999999999999,60.119,34.248,25.870999999999984,49.352000000000004,110.58999999999999,46.660000000000004,63.929999999999986,91.943
2025-10-12,2025-10-15,0.254138224385732,0.176875926101683,0.303276744942099,0.182874703549731,0.21797351192384,0.171999821328885,0.0,1.42,0.21797351192384,0.171999821328885,0.0,2.566000000000001,-2.566000000000014,0.0,0.0,4.337,-4.336999999999978,0.0,0.0,6.9,-6.899999999999984,0.0,0.0,9.67,-9.670000000000025,0.0,2.523,16.367,-13.844000000000003,1.114000000000014,10.391000000000014,24.383000000000003,-13.991999999999996,7.099,51.658,34.085,17.572999999999983,42.474000000000004,108.51199999999999,46.82,61.69199999999999,91.125
